latitude,longitude,altitude,geometry,OBJECTID,IDESTACION,FECHAACTUAL,MODO,CODIGOESTACION,DENOMINACION,OBSERVACIONES,SITUACION,CODIGOCTMESTACIONREDMETRO,CODIGOEMPRESA,DENOMINACIONABREVIADA,MODOINTERCAMBIADOR,CODIGOINTERCAMBIADOR,TIPO,CODIGOPROVINCIA,CODIGOMUNICIPIO,CODIGOENTIDAD,CODIGONUCLEO,CODIGOVIA,TIPOVIA,PARTICULA,NOMBREVIA,TIPONUMERO,NUMEROPORTAL,CALIFICADORPORTAL,CARRETERA,CODIGOPOSTAL,DISTRITO,SECCIONCENSAL,BARRIO,TESELA,SECTORURBANO,SECTOR,CORREDOR,CORONATARIFARIA,CORONA123,ZONATRANSPORTE,ENCUESTADOMICILIARIA,ENCUESTAAFOROS,HOJA25000,ACONDICIONAMIENTOVIAJEROS,ACONDICIONAMIENTOVEHICULOS,FECHAALTA,FECHAINICIO,FECHAFIN,X,Y,GRADOACCESIBILIDAD,SITUACIONCALLE,DENOMINACION_SAE,INTERURBANOS_CODIGOEMT_CRTM,INTERURBANOS_CODIGOEMT_EMPRESA
40.4248422335784,-3.70741904261363,,Point,1,4_38,20150709,4,38,NOVICIADO,0211,I,50,0211,,93,280,U,28,079,07901,0790101,05386,Calle,de,San Bernardo,N,49,,,28015,01,001,011,T0798585,0790101A01,,5,A,1,079-01-007,7,,,2,3,19990405,19930701,,440100,4475360,N,,,,
40.4114722192065,-3.66178527076064,,Point,2,4_175,20150709,4,175,ESTRELLA,0915,I,175,0915,,93,212,U,28,079,07901,0790101,99999,Calle,del,Camino de los Vinateros,N,1,,,28030,14,001,141,T07911594,0790101A01,,3,A,2,079-14-379,379,,,2,3,19990405,19930701,,443960,4473846,N,,,,
40.4419753563559,-3.70132848117729,,Point,3,4_7,20150709,4,7,RIOS ROSAS,0107,I,7,0107,,93,316,U,28,079,07901,0790101,05201,Calle,de,Ríos Rosas,N,22,,,28003,07,103,075,T0796237,,,6,A,1,079-07-129,129,,559-1,2,3,19990405,19930701,,440632,4477258,N,,,,
40.3948077574021,-3.76812813678741,,Point,4,4_102,20150709,4,102,CAMPAMENTO,0529,I,102,0529,,92,5,U,28,079,07901,0790101,07813,Avda,del,Padre Piquer,N,7,,,28024,10,133,104,T07911673,0790101584,3,5,A,2,079-10-251,251,,559-3,2,3,20021120,20020901,,434921,4472069,N,,,,
40.3870966932697,-3.70689564278932,,Point,5,4_109,20150709,4,109,USERA,0606,I,109,0606,,93,359,U,28,079,07901,0790101,00325,Calle,de,Amparo Usera,N,44,,,28026,12,061,125,T07912862,0790101628,,4,A,2,079-12-316,316,,559-3,2,3,19990405,19930701,,440111,4471170,N,,,,
40.4228884246446,-3.66859514629195,,Point,6,4_115,20150709,4,115,O'DONNELL,0613,I,115,0613,,93,284,U,28,079,07901,0790101,01736,Calle,del,Doctor Esquerdo,N,47,,,28028,04,043,043,T0798632,0790101461,,1,A,1,079-04-078,78,,559-2,2,3,19990405,19930701,,443392,4475118,N,,,,
40.4138988943963,-3.72724045181543,,Point,7,4_128,20150709,4,128,PUERTA DEL ANGEL,0626,I,128,0626,,93,306,U,28,079,07901,0790101,02110,Paseo,de,Extremadura,N,26,,,28011,10,206,102,T0799336,0790101550,,5,A,2,079-10-268,268,,559-3,2,3,19990405,19930701,,438409,4474159,N,,,,
40.3290723674829,-3.72963318048934,,Point,8,4_230,20150709,4,230,EL BERCIAL,1224,S,230,1224,,93,201,U,28,065,06507,0650701,C0027,Avda, ,Comandante José Manuel Ripollés,N,4,,,28905,03,001,,T0651016,0650701001,,4,B1,3,065-001,705,,,2,3,20030120,20030101,,438128,4464745,T,,,,
40.375031361291,-3.69585469244456,,Point,9,4_268,20150709,4,268,HOSPITAL 12 DE OCTUBRE,HOSPITAL 12 DE OCTUBRE Linea 3,I,268,0352,,92,229,U,28,079,07901,0790101,01496,Avda,de,Córdoba,N,49,,,28041,12,019,122,T07914198,0790101672,,4,A,2,079-12-326,326,,559-3,2,3,20070420,20070101,,441038,4469823,T,,,,
40.384093527174,-3.69788139765522,,Point,10,4_267,20150709,4,267,ALMENDRALES,ALMENDRALES Linea 3,I,267,0351,,93,130,U,28,079,07901,0790101,01496,Avda,de,Córdoba,N,21,,,28026,12,107,124,T07913244,0790101A01,,4,A,1,079-12-325,325,,559-3,2,3,20070420,20070101,,440873,4470831,T,,,,
40.4085109428559,-3.70090412320048,,Point,11,4_47,20150709,4,47,LAVAPIES,0305,I,47,0305,,93,258,U,28,079,07901,0790101,03392,Plaza,de,Lavapiés,N,7,,,28012,01,050,012,T0799854,0790101977,,5,A,1,079-01-020,20,,559-3,2,3,19990405,19930701,,440638,4473543,T,,,,
40.501204627482,-3.69520245046674,,Point,12,4_274,20150709,4,274,TRES OLIVOS,"TRES OLIVOS Linea 10
Con Calle de Afueras a Valverde",S,274,1051,,93,354,U,28,079,07901,0790101,C1000,Acces, ,M-607,SN,SN,,,28034,08,153,086,T079582,0790101930,,7,A,2,079-08-148,148,,solape,2,3,20070424,20070101,,441203,4483828,T,,,,
40.3699909305509,-3.6941764145037,,Point,13,4_269,20150709,4,269,SAN FERMIN-ORCASUR,SAN FERMIN-ORCASUR Linea 3,I,269,0353,,93,331,U,28,079,07901,0790101,00345,Avda,de,Andalucía,N,9,,,28041,12,100,123,T07914879,0790101826,,4,A,2,079-12-336,336,,559-3,2,3,20070420,20070101,,441176,4469263,T,,,,
40.4284231905451,-3.63329946572732,,Point,14,4_135,20150709,4,135,GARCIA NOBLEJAS,0704,I,135,0704,,93,65,U,28,079,07901,0790101,03514,Calle,de,Luis del Campo,N,1,,,28017,15,073,152,T0797944,0790101449,,1,A,2,079-15-423,423,,559-2,2,3,19990405,19930701,,446390,4475710,N,,,,
40.438250994429,-3.69148286211901,,Point,15,4_142,20150709,4,142,GREGORIO MARAÑON,0711,I,142,0711,,92,223,U,28,079,07901,0790101,02527,Calle,de,José Abascal,N,65,,,28003,07,094,075,T0796539,0790101286,,6,A,1,079-07-130,130,,559-1,2,3,19990405,19930701,,441463,4476838,T,,,,
40.4759235202497,-3.71582415791248,,Point,16,4_150,20150709,4,150,PEÑAGRANDE,0719,I,150,0719,,93,296,U,28,079,07901,0790101,06301,Cmno,de,Ganapanes,N,35,,,28029,08,072,084,T0791852,0790101081,,7,A,2,079-08-178,178,,559-1,2,3,19990430,19930701,,439433,4481036,T,,,,
40.484662780153,-3.70751021303079,,Point,17,4_161,20150709,4,161,HERRERA ORIA,0901,I,161,0901,,93,227,U,28,079,07901,0790101,11022,Calle,de,Valencia de Don Juan,N,1,,,28034,08,035,085,T0791200,0790101070,,7,A,2,079-08-185,185,,559-1,2,3,19990405,19930701,,440145,4482000,N,,,,
40.4630027605113,-3.67579015001895,,Point,18,4_166,20150709,4,166,PIO XII,0906,I,166,0906,,93,300,U,28,079,07901,0790101,04833,Avda,de,Pío XII,N,27,,,28016,05,082,055,T0793556,0790101206,,1,A,1,079-05-090,90,,559-2,2,3,19990405,19930701,,442815,4479575,N,,,,
40.4306609302246,-3.71596265109483,,Point,19,4_52,20150709,4,52,ARGÜELLES,0310,I,52,0310,,92,68,U,28,079,07901,0790101,00120,Calle,de,Alberto Aguilera,N,72,,,28015,07,001,071,T0797329,0790101303,,6,A,1,079-07-136,136,,559-1,2,3,19990405,19930701,,439380,4476012,N,,,,
40.4200832543965,-3.70566477670052,,Point,20,4_88,20150709,4,88,CALLAO,0307,I,49,0515,,91,62,U,28,079,07901,0790101,00987,Plaza,del,Callao,N,3,,,28013,01,117,016,T0798880,0790101328,1,5,A,1,079-01-013,13,,559-1,2,3,19990405,19930701,,440245,4474831,T,,,,
40.475371717959,-3.65257261134101,,Point,21,4_264,20150709,4,264,HORTALEZA,HORTALEZA Linea 4,S,264,0421,,93,228,U,28,079,07901,0790101,01063,Calle,del,Capitán Cortés,BLQ,4,,,28033,16,071,164,T0791891,0790101166,,1,A,2,079-16-445,445,,559-2,2,3,20070410,20070101,,444794,4480933,T,,,,
40.491766772326,-3.59324559721343,,Point,22,4_285,20150709,4,285,AEROPUERTO T4,AEROPUERTO T4 Linea 8,I,285,0808,,90,33,U,28,079,07901,0790101,20169,Ctra,de,Alcobendas a Barajas,SN,SN,,,28042,21,015,212,T079339,0790101240,4,2,A,2,079-21-585,585,,559-2,2,3,20070503,20070101,,449835,4482717,T,,,,
40.4951058423757,-3.72589123290808,,Point,23,4_154,20150709,4,154,PITIS,Con Ctra a la Estación de Pitis,I,154,0723,,93,86,U,28,079,07901,0790199,45576,Ctra,a la,Estación de Pitis,N,19,,,28035,08,139,087,T079764,0790199999,2,7,A,2,079-08-158,158,,559-1,2,3,19990430,19930701,,438597,4483172,T,,,,
40.3285002183315,-3.86354217563866,,Point,24,4_214,20150709,4,214,MOSTOLES CENTRAL,1206,I,214,1206,,92,90,U,28,092,09201,0920101,A0126,Paseo,de la,Estación,N,13,,,28933,02,011,,T092228,0920101027,7,5,B2,3,092-009,787,,581-2,2,3,20030120,20030101,,426752,4464784,T,,,,
40.4070357544619,-3.71104645076763,,Point,25,4_91,20150709,4,91,PUERTA DE TOLEDO,0518,I,91,0518,,93,55,U,28,079,07901,0790101,04981,Gta,de,Puerta de Toledo,N,1,,,28005,01,022,012,T07910174,0790101566,,5,A,1,079-01-022,22,,559-3,2,3,19990405,19930701,,439776,4473386,N,,,,
40.5319556473465,-3.63555952271399,,Point,26,4_279,20150709,4,279,LA MORALEJA,LA MORALEJA Linea 10,I,279,1056,,93,249,U,28,006,00601,0060101,A0104,Avda,de la,Ermita,N,5,,,28109,01,037,,T006447,0060101039,,1,B1,3,006-013,598,,534-4,2,3,20070424,20070101,,446281,4487203,T,,,,
40.2826757751405,-3.79890690078202,,Point,27,4_221,20150709,4,221,FUENLABRADA CENTRAL,Con Calle Luis Sauquillo,I,221,1214,,92,91,U,28,058,05801,0580102,10266,Calle,de la,Vía,SN,SN,,,28944,04,001,,T058531,0580102008,7,4,B2,3,058-024,699,,582-1,2,3,20030120,20030101,,432197,4459646,T,,,,
40.4393374952451,-3.67215160132978,,Point,28,4_140,20150709,4,140,CARTAGENA,0709,I,140,0709,,93,167,U,28,079,07901,0790101,00312,Avda,de,América,N,35,,,28002,05,033,052,T0796388,0790101360,,1,A,1,079-05-103,103,,559-2,2,3,19990405,19930701,,443104,4476946,N,,,,
40.4240868846098,-3.70969871159774,,Point,29,4_197,20150709,4,197,PLAZA DE ESPAÑA,0308,I,50,1011,,92,64,U,28,079,07901,0790101,05172,Calle,de los,Reyes,N,10,,,28015,01,111,015,T0798396,0790101318,,5,A,1,079-01-007,7,,559-1,2,3,19990405,19930701,,439906,4475278,T,,,,
40.4390682066327,-3.71372864479935,,Point,30,4_145,20150709,4,145,ISLAS FILIPINAS,0714,I,145,0714,,93,238,U,28,079,07901,0790101,01263,Calle,de,Cea Bermúdez,N,54,,,28003,07,127,076,T0796439,0790101278,,6,A,1,079-07-126,126,,559-1,2,3,19990430,19930701,,439577,4476943,T,,,,
40.4183912105898,-3.67857510552646,,Point,31,4_173,20150709,4,173,IBIZA,0913,I,173,0913,,93,236,U,28,079,07901,0790101,02844,Calle,de,Ibiza,N,1,,,28009,03,059,034,T0799034,0790101472,,3,A,1,079-03-048,48,,559-2,2,3,19990405,19930701,,442541,4474625,N,,,,
40.4503319759943,-3.70331420927578,,Point,32,4_5,20150709,4,5,ALVARADO,0105,I,5,0105,,93,136,U,28,079,07901,0790101,00886,Calle,de,Bravo Murillo,N,138,,,28020,06,035,062,T0795172,0790101269,,6,A,1,079-06-118,118,,559-1,2,3,19990405,19930701,,440471,4478187,N,,,,
40.4254191821374,-3.69100739257143,,Point,33,4_58,20150709,4,58,COLON,0405,I,58,0405,,92,67,U,28,079,07901,0790101,01396,Plaza,de,Colón,N,2,,,28046,07,075,074,T0798170,0790101295,1,5,A,1,079-07-140,140,,559-1,2,3,19990405,19930701,,441493,4475413,N,,,,
40.4180507481241,-3.69925113804034,,Point,34,4_34,20150709,4,34,SEVILLA,0207,I,34,0207,,92,345,U,28,079,07901,0790101,00132,Calle,de,Alcalá,N,23,,,28014,01,072,013,T0798991,0790101331,,5,A,1,079-01-015,15,,559-1,2,3,19990405,19930701,,440787,4474601,N,,,,
40.4192197861148,-3.69496510558138,,Point,35,4_33,20150709,4,33,BANCO DE ESPAÑA,0206,I,33,0206,,92,60,U,28,079,07901,0790101,00132,Calle,de,Alcalá,N,49,,,28014,01,073,014,T0798937,0790101327,1,5,A,1,079-01-010,10,,559-1,2,3,19990405,19930701,,441152,4474728,N,,,,
40.4542880258282,-3.70302295994985,,Point,36,4_4,20150709,4,4,ESTRECHO,0104,I,4,0104,,93,72,U,28,079,07901,0790101,00886,Calle,de,Bravo Murillo,N,191,,,28020,06,119,066,T0794589,0790101259,,6,A,1,079-06-111,111,,559-1,2,3,19990405,19930701,,440499,4478625,N,,,,
40.3413421540536,-3.52478901227188,,Point,37,4_300,20150709,4,300,RIVAS FUTURA,,I,300,0925,,93,317,U,28,123,12307,1230701,C0024,Calle, ,Concepción Arenal,N,1,,,28529,01,001,,T123416,1230701010,,3,B2,3,123-004,916,,559-4,2,3,20080717,20080709,,455537,4465984,T,,,,
40.3846000554076,-3.71837055781195,,Point,38,4_108,20150709,4,108,PLAZA ELIPTICA,0605,I,108,0605,,90,36,U,28,079,07901,0790101,02184,Plaza,de,Fernández Ladreda,N,2,,,28025,11,183,117,T07913162,0790101659,3,4,A,2,079-11-297,297,,559-3,2,3,19990405,19930701,,439135,4470901,T,,,,
40.4686442368363,-3.56953825594321,,Point,39,4_159,20150709,4,159,AEROPUERTO T1 T2 T3,Aparcamientos terminal 3,I,159,0806,,90,34,U,28,079,07901,0790101,10444,Avda,de la,Hispanidad,N,SN,,,28042,21,015,212,T079841,0790101240,4,2,A,2,079-21-585,585,,559-2,2,3,20020215,19980101,,451828,4480138,T,,,,
40.4380325773816,-3.67663955532626,,Point,40,4_64,20150709,4,64,AVENIDA DE AMERICA,0411,I,64,0411,,90,4,U,28,079,07901,0790101,00312,Avda,de,América,N,9,A,,28002,05,031,052,T0796594,0790101362,1,1,A,1,079-05-103,103,,559-2,2,3,19990405,19930701,,442722,4476804,N,,,,
40.4469745969046,-3.70386869928601,,Point,41,4_121,20150709,4,121,CUATRO CAMINOS,0106,I,6,0619,,91,40,U,28,079,07901,0790101,01600,Gta,de,Cuatro Caminos,N,9,,,28020,06,024,062,T0795641,0790101269,1,6,A,1,079-06-118,118,,559-1,2,3,19990405,19930701,,440421,4477814,T,,,,
40.4279044798375,-3.66920518071164,,Point,42,4_116,20150709,4,116,MANUEL BECERRA,0202,I,29,0614,,91,41,U,28,079,07901,0790101,05244,Plaza,de,Manuel Becerra,N,1,,,28028,04,034,042,T0797933,0790101387,1,1,A,1,079-04-076,76,,559-2,2,3,19990405,19930701,,443344,4475675,N,,,,
40.3981921510029,-3.66905899947859,,Point,43,4_19,20150709,4,19,PUENTE DE VALLECAS,0119,I,19,0119,,92,51,U,28,079,07901,0790101,00130,Avda,de la,Albufera,N,1,,,28053,13,042,132,T07911322,0790101001,3,3,A,2,079-13-351,351,,559-4,2,3,19990405,19930701,,443332,4472377,N,,,,
40.422954804338,-3.52549376489887,,Point,44,4_291,20150709,4,291,JARAMA,JARAMA Linea 7,I,291,0758,,93,239,U,28,130,13002,1300201,00235,Plaza, ,Guernica,N,1,,,28830,01,006,,T130227,1300201008,,2,B1,3,130-008,929,,559-2,2,3,20070507,20070101,,455531,4475043,T,,,,
40.4387025079451,-3.70488898865674,,Point,45,4_144,20150709,4,144,CANAL,0214,I,41,0713,,93,163,U,28,079,07901,0790101,01263,Calle,de,Cea Bermúdez,N,1,,,28003,07,121,076,T0796509,0790101281,,6,A,1,079-07-128,128,,559-1,2,3,19990405,19930701,,440327,4476897,T,,,,
40.5155346471774,-3.66276510350324,,Point,46,4_277,20150709,4,277,RONDA DE LA COMUNICACION,RONDA DE LA COMUNICACION Linea 10,I,277,1054,,93,321,U,28,079,07901,0790101,C0619,Ronda,de la,Comunicación,N,22,,,28050,08,128,086,T079273,0790101996,,7,A,2,079-08-153,153,,534-4,2,3,20070424,20070101,,443963,4485398,T,,,,
40.42852602883,-3.69643188600389,,Point,47,4_195,20150709,4,195,ALONSO MARTINEZ,0404,I,57,1009,,92,133,U,28,079,07901,0790101,03672,Calle,de,Manuel González Longoria,N,14,,,28010,07,072,073,T0797834,0790101296,,6,A,1,079-07-139,139,,559-1,2,3,19990405,19930701,,441035,4475762,N,,,,
40.4030722839783,-3.69423268407983,,Point,48,4_45,20150709,4,45,PALOS DE LA FRONTERA,0303,I,45,0303,,93,287,U,28,079,07901,0790101,09110,Calle,de,Palos de la Frontera,N,33,,,28045,02,074,026,T07910691,0790101613,,4,A,1,079-02-030,30,,559-3,2,3,19990405,19930701,,441200,4472935,T,,,,
40.4356585154991,-3.64282293725217,,Point,49,4_137,20150709,4,137,PUEBLO NUEVO,0505,I,78,0706,,93,305,U,28,079,07901,0790101,00132,Calle,de,Alcalá,N,372,,,28027,15,100,153,T0796862,0790101414,,1,A,2,079-15-414,414,,559-2,2,3,19990405,19930701,,445588,4476519,N,,,,
40.4463660791437,-3.71229403706057,,Point,50,4_122,20150709,4,122,GUZMAN EL BUENO,0620,I,122,0620,,93,225,U,28,079,07901,0790101,02695,Calle,de,Guzmán el Bueno,N,118,,,28003,07,135,076,T0795687,0790101275,,6,A,1,079-07-121,121,,559-1,2,3,19990405,19930701,,439706,4477752,T,,,,
40.4012617890482,-3.67513655621334,,Point,51,4_18,20150709,4,18,PACIFICO,0118,I,18,0118,,92,53,U,28,079,07901,0790101,01357,Avda,de la,Ciudad de Barcelona,N,79,,,28007,03,095,031,T07910963,0790101715,1,3,A,1,079-03-063,63,,559-4,2,3,19990405,19930701,,442819,4472721,N,,,,
40.4199866177357,-3.70180393013566,,Point,52,4_87,20150709,4,87,GRAN VIA,0111,I,11,0514,,93,222,U,28,079,07901,0790101,03097,Calle, ,Gran Vía,N,23,,,28013,01,117,016,T0798905,0790101328,,5,A,1,079-01-014,14,,559-1,2,3,19990405,19930701,,440572,4474817,N,,,,
40.3821642503006,-3.62471747014878,,Point,53,4_25,20150709,4,25,SIERRA DE GUADALUPE,0125,I,25,0125,,91,49,U,28,079,07901,0790101,09429,Avda,de la,Democracia,N,1,,,28031,13,128,134,T07913672,0790101776,3,3,A,2,079-13-350,350,,559-4,2,3,19990430,19930701,,447082,4470570,T,,,,
40.4950851624077,-3.69283123100657,,Point,54,4_187,20150709,4,187,FUENCARRAL,Frente al nº 50,I,187,1001,,93,440,U,28,079,07901,0790101,02384,Calle,de la,Fuente Chica,N,21,,,28034,08,122,086,T079856,0790101062,,7,A,2,079-08-162,162,,559-1,2,3,19990405,19980101,,441399,4483147,N,,,,
40.4644241785987,-3.69506203750875,,Point,55,4_2,20150709,4,2,VALDEACEDERAS,0102,I,2,0102,,93,360,U,28,079,07901,0790101,00886,Calle,de,Bravo Murillo,N,332,,,28020,06,069,063,T0793479,0790101126,,6,A,1,079-06-112,112,,559-1,2,3,19990405,19930701,,441183,4479745,N,,,,
40.3758686366567,-3.73416885653047,,Point,56,4_208,20150709,4,208,PAN BENDITO,1103,I,208,1103,,93,288,U,28,079,07901,0790101,00017,Avda,de,Abrantes,N,289,,,28025,11,158,117,T07914219,0790101654,,4,A,2,079-11-302,302,,559-3,2,3,19990405,19930701,,437786,4469942,T,,,,
40.3496872815222,-3.82119573255216,,Point,57,4_210,20150709,4,210,PARQUE LISBOA,1202,I,210,1202,,93,293,U,28,007,00701,0070101,02522,Calle,de,Porto Lagos,N,7,,,28924,02,001,,T007279,0070101013,,5,B1,3,007-010,653,,559-3,2,3,20030120,20030101,,430371,4467101,T,,,,
40.3992296247106,-3.74428871805663,,Point,58,4_104,20150709,4,104,LAGUNA,0601,I,104,0601,,92,83,U,28,079,07901,0790101,01597,Calle,de,Cuart de Poblet,N,1,,,28047,10,006,101,T07911131,0790101911,3,5,A,1,079-10-264,264,,559-3,2,3,19990405,19930701,,436948,4472543,N,,,,
40.2868358005326,-3.7869740434575,,Point,59,4_222,20150709,4,222,PARQUE DE LOS ESTADOS,1215,I,222,1215,,93,290,U,28,058,05801,0580102,A0506,Calle,de,Venezuela,N,2,,,28945,02,004,,T058471,0580102013,,4,B2,3,058-019,694,,582-1,2,3,20030120,20030101,,433215,4460099,T,,,,
40.3118023648563,-3.72224012270444,,Point,60,4_227,20150709,4,227,JUAN DE LA CIERVA,1221,I,227,1221,,93,241,U,28,065,06503,0650301,A0277,Avda,de,España,N,20,,,28903,04,021,,T065574,0650301049,,4,B1,3,065-012,716,,582-1,2,3,20030120,20030101,,438740,4462823,T,,,,
40.3366382437775,-3.74018488291484,,Point,61,4_231,20150709,4,231,EL CARRASCAL,1225,I,231,1225,,93,204,U,28,074,07402,0740201,A0370,Avda, ,Rey Juan Carlos I,N,85,,,28916,05,015,,T074574,0740201003,,4,B1,3,074-024,763,,559-3,2,3,20030120,20030101,,437239,4465592,T,,,,
40.3266027213842,-3.75942499130863,,Point,62,4_233,20150709,4,233,CASA DEL RELOJ,1227,I,233,1227,,93,168,U,28,074,07402,0740201,A0180,Avda, ,Gibraltar,N,11,,,28914,02,008,,T0741116,0740201027,,4,B1,3,074-028,767,,582-1,2,3,20030120,20030101,,435595,4464492,T,,,,
40.4534683327049,-3.59401165769579,,Point,63,4_253,20150709,4,253,EL CAPRICHO,EL CAPRICHO Linea 5,I,253,0551,,93,202,U,28,079,07901,0790101,10942,Calle,de,Pinos de Osuna,N,15,,,28042,21,001,211,T0794584,0790101497,,2,A,2,079-21-582,582,,559-2,2,3,20061123,20061101,,449742,4478467,T,,,,
40.3795986114191,-3.62129648488235,,Point,64,4_26,20150709,4,26,VILLA DE VALLECAS,0126,I,26,0126,,93,370,U,28,079,07901,0790101,00962,Paseo,de,Federico García Lorca,N,2,,,28031,18,014,181,T07913926,0790101781,,3,A,2,079-18-500,500,,559-4,2,3,19990430,19930701,,447370,4470283,T,,,,
40.400047129618,-3.62155915980853,,Point,65,4_179,20150709,4,179,VALDEBERNARDO,0919,I,179,0919,,93,361,U,28,079,07901,0790101,45424,Bulv,de,Indalecio Prieto,N,26,,,28032,19,035,191,T07911145,0790101900,,3,A,2,079-19-522,522,,559-4,2,3,19990405,19930701,,447364,4472553,T,,,,
40.4574897504124,-3.67693905940289,,Point,66,4_167,20150709,4,167,COLOMBIA,0802,I,156,0907,,92,77,U,28,079,07901,0790101,02511,Calle,del,Príncipe de Vergara,N,269,,,28016,05,059,054,T0794249,0790101336,,1,A,1,079-05-094,94,,559-2,2,3,19990405,19930701,,442713,4478964,T,,,,
40.4329881279398,-3.60787951427632,,Point,67,4_132,20150709,4,132,LAS MUSAS,0701,I,132,0701,,93,255,U,28,079,07901,0790101,45474,Avda,de,Niza,N,61,,,28022,20,066,205,T0797274,0790101493,,2,A,2,079-20-566,566,,559-2,2,3,19990405,19930701,,448550,4476201,N,,,,
40.4329476824461,-3.67293856677242,,Point,68,4_117,20150709,4,117,DIEGO DE LEON,0410,I,63,0615,,92,66,U,28,079,07901,0790101,02340,Calle,de,Francisco Silvela,N,47,,,28028,04,103,045,T0797186,0790101384,1,1,A,1,079-04-072,72,,559-2,2,3,19990405,19930701,,443032,4476237,N,,,,
40.4301298212657,-3.67936371945562,,Point,69,4_171,20150709,4,171,NUÑEZ DE BALBOA,0510,I,83,0911,,93,283,U,28,079,07901,0790101,03880,Plaza,del,Marqués de Salamanca,N,9,,,28006,04,111,045,T0797562,0790101A01,,1,A,1,079-04-072,72,,559-2,2,3,19990405,19930701,,442484,4475928,N,,,,
40.4308848031949,-3.66360584172735,,Point,70,4_81,20150709,4,81,VENTAS,0201,I,28,0508,,93,367,U,28,079,07901,0790101,00132,Calle,de,Alcalá,N,204,,,28028,04,071,044,T0797177,0790101391,,1,A,1,079-04-073,73,,559-2,2,3,19990405,19930701,,443822,4476002,N,,,,
40.4668965341419,-3.68908610432808,,Point,71,4_190,20150709,4,190,PLAZA DE CASTILLA,0101,I,1,1004,,90,21,U,28,079,07901,0790101,01213,Paseo,de la,Castellana,N,216,,,28046,05,088,056,T0793028,0790101119,1,1,A,1,079-05-085,85,,559-1,2,3,19990405,19980101,,441692,4480016,N,,,,
40.4013157821612,-3.59597530294796,,Point,72,4_182,20150709,4,182,PUERTA DE ARGANDA,0922,I,182,0922,,91,39,U,28,079,07901,0790101,08410,Calle,de,San Cipriano,N,85,,,28032,19,047,191,T07910783,0790101895,4,3,A,2,079-19-531,531,,559-4,2,3,19990405,19930701,,449536,4472679,T,,,,
40.4638931513133,-3.61620468224152,,Point,73,4_158,20150709,4,158,FERIA DE MADRID,0805,I,158,0805,,92,162,U,28,079,07901,0790101,11886,Avda,del,Partenón,N,5,,,28042,21,029,215,T0792560,0790101902,,2,A,2,079-21-578,578,,559-2,2,3,19990405,19980101,,447868,4479637,T,,,,
40.3843857971757,-3.75121118478282,,Point,74,4_99,20150709,4,99,EUGENIA DE MONTIJO,0526,S,99,0526,,93,213,U,28,079,07901,0790101,99999,Calle,de,Ocaña,N,86,,,28047,11,001,111,T07911026,0790101A01,,4,A,2,079-11-298,298,,,2,3,20020304,19980101,,436347,4470900,T,,,,
40.3579531289265,-3.777825849896,,Point,75,4_305,20150709,4,305,LA FORTUNA,,I,305,1107,,93,245,U,28,074,07401,0740101,A0445,Calle, ,San José,N,40,,,28917,06,003,,T07421,0740101001,,4,B1,3,074-001,740,,559-3,1,3,20101013,20101005,,434062,4467986,T,,,,
40.4182926946444,-3.62350600154867,,Point,76,4_323,20150709,4,323,ALSACIA,,I,323,0253,,91,99,U,28,079,07901,0790101,99999,Plaza,de,Alsacia,N,S/N,,,28037,20,043,204,T0798903,0790101486,4,1,A,1,079-20-567,567,,559-2,2,3,20110318,20110316,,447213,4474579,T,,,,
40.4236132906806,-3.63914233036257,,Point,77,4_322,20150709,4,322,LA ALMUDENA,,I,322,0252,,93,243,U,28,079,07901,0790101,00587,Calle,de,Arriaga,N,75,,,28017,15,065,152,T0798475,0790101449,,1,A,1,079-15-424,424,,559-2,2,3,20110318,20110316,,445891,4475180,T,,,,
40.4996549120517,-3.70908148055736,,Point,78,4_345,20150709,4,345,PACO DE LUCIA,,I,345,0952,,,,U,28,079,07901,,45945,Calle,de,Monasterio de Las Huelgas,N,5,,,28034,08,135,087,T079679,,,7,A,1,079-08-160,160,,559-1,4,3,20150325,20150325,,440026,4483665,T,,,,
40.4250325508648,-3.6829181480862,,Point,79,4_60,20150709,4,60,VELAZQUEZ,0407,I,60,0407,,93,366,U,28,079,07901,0790101,04373,Calle,de,Núñez de Balboa,N,33,,,28001,04,012,041,T0798383,0790101469,,1,A,1,079-04-074,74,,559-2,2,3,19990405,19930701,,442179,4475365,N,,,,
40.4441889741445,-3.67481890299206,,Point,80,4_65,20150709,4,65,PROSPERIDAD,0412,I,65,0412,,93,211,U,28,079,07901,0790101,11292,Plaza,de la,Prosperidad,N,4,,,28002,05,042,053,T0796021,0790101363,,1,A,1,079-05-097,97,,559-2,2,3,19990405,19930701,,442882,4477486,N,,,,
40.4558324918715,-3.65618121809782,,Point,81,4_68,20150709,4,68,ARTURO SORIA,0415,I,68,0415,,93,74,U,28,079,07901,0790101,00582,Calle,de,Arturo Soria,N,172,,,28043,15,174,156,T0794431,0790101344,,1,A,2,079-15-401,401,,559-2,2,3,19990405,19930701,,444472,4478766,N,,,,
40.4638105369802,-3.63559546398109,,Point,82,4_70,20150709,4,70,CANILLAS,0417,I,70,0417,,93,164,U,28,079,07901,0790101,11701,Avda,de,Machupichu,N,64,,,28043,16,021,163,T0793492,0790101180,,1,A,2,079-16-455,455,,559-2,2,3,19990405,19930701,,446224,4479639,T,,,,
40.4771142938967,-3.64524200216563,,Point,83,4_73,20150709,4,73,PARQUE DE SANTA MARIA,0420,I,73,0420,,93,291,U,28,079,07901,0790101,09561,Calle,de,Santa Virgilia,N,1,,,28033,16,064,164,T0791697,0790101168,,1,A,2,079-16-446,446,,559-2,2,3,19990405,19930701,,445417,4481122,T,,,,
40.4380484084201,-3.6381575883455,,Point,84,4_77,20150709,4,77,CIUDAD LINEAL,0504,I,77,0504,,91,7,U,28,079,07901,0790101,00582,Calle,de,Arturo Soria,N,2,,,28027,15,093,153,T0796669,0790101414,4,1,A,2,079-15-415,415,,559-2,2,3,19990405,19930701,,445986,4476781,N,,,,
40.4112803286869,-3.70816086851901,,Point,85,4_90,20150709,4,90,LA LATINA,0517,I,90,0517,,93,248,U,28,079,07901,0790101,05526,Calle,de,San Millán,N,5,,,28005,01,025,012,T0799657,0790101A11,,5,A,1,079-01-019,19,,559-3,2,3,19990405,19930701,,440025,4473855,N,,,,
40.387827019968,-3.74487052104138,,Point,86,4_98,20150709,4,98,CARABANCHEL,0525,I,98,0525,,93,165,U,28,079,07901,0790101,01901,Gta,del,Ejército,N,1,,,28047,11,089,114,T07912698,0790101635,,4,A,2,079-11-288,288,,559-3,2,3,19990405,19930701,,436888,4471277,N,,,,
40.3667715025775,-3.54727580674555,,Point,87,4_183,20150709,4,183,RIVAS URBANIZACIONES,0924,S,183,0924,,92,318,U,28,123,12318,1231801,99999,Plaza,de,Galicia,N,5,,,28529,01,001,,T1231,1231801001,,3,B1,3,123-002,914,,,2,3,19990702,19990401,,453645,4468818,T,,,,
40.4291685202558,-3.67540982227869,,Point,88,4_62,20150709,4,62,LISTA,0409,I,62,0409,,93,259,U,28,079,07901,0790101,01457,Calle,del,Conde de Peñalver,N,45,,,28006,04,001,041,T0798598,0790101A01,,1,A,1,079-04-072,72,,,2,3,19990405,19930701,,442819,4475819,N,,,,
40.4164141109915,-3.73563105937362,,Point,89,4_199,20150709,4,199,LAGO,"Estación de Ferrocarril
1013",S,199,1013,,93,254,U,28,079,07901,0790101,40520,Ronda,del,Lago,N,3,,,28011,09,001,091,T0798278,0790101A01,,6,A,2,079-09-224,224,,,2,3,19990405,19930701,,437699,4474444,T,,,,
40.4078602084024,-3.75310993717595,,Point,90,4_200,20150709,4,200,BATAN,1014,S,200,1014,,93,158,U,28,079,07901,0790101,99999,Paseo,de la,Venta,N,1,,,28011,09,001,091,T0798323,0790101A01,,6,A,2,079-09-224,224,,,2,3,19990405,19930701,,436208,4473507,T,,,,
40.416876060894,-3.70326164857528,,Point,91,4_12,20150709,4,12,SOL,0112,I,12,0112,,90,58,U,28,079,07901,0790101,04980,Plaza,de la,Puerta del Sol,N,6,,,28013,01,119,016,T0799024,0790101560,1,5,A,1,079-01-014,14,,solape,2,3,19990405,19930701,,440446,4474473,P,,,,
40.4168474580948,-3.70326135075521,,Point,92,4_35,20150709,4,35,SOL,0112,I,12,0208,,90,58,U,28,079,07901,0790101,04980,Plaza,de la,Puerta del Sol,N,6,,,28013,01,119,016,T0799116,0790101560,1,5,A,1,079-01-014,14,,solape,2,3,19990405,19930701,,440446,4474470,P,,,,
40.4168164716537,-3.7032610281165,,Point,93,4_48,20150709,4,48,SOL,0112,I,12,0306,,90,58,U,28,079,07901,0790101,04980,Plaza,de la,Puerta del Sol,N,6,,,28013,01,119,016,T0799116,0790101560,1,5,A,1,079-01-014,14,,solape,2,3,19990405,19930701,,440446,4474466,P,,,,
40.4466212151825,-3.69240645851146,,Point,94,4_120,20150709,4,120,NUEVOS MINISTERIOS,Frente al nº 65,I,120,0618,,90,71,U,28,079,07901,0790101,05080,Calle,de,Raimundo Fernández Villaverde,N,67,,,28046,06,029,062,T0795339,0790101267,1,6,A,1,079-06-120,120,,559-1,2,3,19990405,19930701,,441392,4477767,T,,,,
40.4465854651635,-3.69240609163204,,Point,95,4_193,20150709,4,193,NUEVOS MINISTERIOS,0618,I,120,1007,,90,71,U,28,079,07901,0790101,05080,Calle,de,Raimundo Fernández Villaverde,N,67,,,28046,06,029,062,T0795339,0790101267,1,6,A,1,079-06-120,120,,559-1,2,3,19990405,19980101,,441392,4477763,T,,,,
40.3190157307928,-3.47744735058845,,Point,96,4_185,20150709,4,185,LA POVEDA,Metro Madrid Arganda. Arganda del Rey (MADRID),S,185,0927,,93,251,U,28,014,01401,0140101,99999,Parcela, ,9017 Polígono 1,SN,S/N,,,28500,01,001,,T014107,0140101001,,3,B3,3,014-001,886,,,2,3,19990702,19990407,,459545,4463483,T,,,,
40.3905725578316,-3.76534787557234,,Point,97,4_101,20150709,4,101,EMPALME,0528,S,101,0528,,93,205,U,28,079,07901,0790101,08605,Calle,de,Tembleque,N,105,,,28024,10,001,101,T07911674,0790101A01,,5,A,2,079-10-254,254,,,2,3,20021120,20020901,,435153,4471597,T,,,,
40.3099279090417,-3.734025028929,,Point,98,4_226,20150709,4,226,GETAFE CENTRAL,Frente al nº 3,I,226,1220,,92,92,U,28,065,06503,0650301,A0299,Calle,,Ferrocarril,N,2,,,28904,03,016,,T065637,0650301031,7,4,B1,3,065-018,722,,582-1,2,3,20030120,20030101,,437737,4462623,T,,,,
40.4261853955902,-3.70109984950459,,Point,99,4_10,20150709,4,10,TRIBUNAL,0110,I,10,0110,,92,355,U,28,079,07901,0790101,02365,Calle,de,Fuencarral,N,81,,,28004,01,088,014,T0798082,0790101322,,5,A,1,079-01-004,4,,559-1,2,3,19990405,19930701,,440637,4475505,N,,,,
40.3927018994635,-3.74099367671356,,Point,100,4_105,20150709,4,105,CARPETANA,0602,I,105,0602,,93,166,U,28,079,07901,0790101,08995,Calle, ,Vía Carpetana,N,141,,,28025,11,081,114,T07912016,0790101589,,4,A,2,079-11-287,287,,559-3,2,3,19990405,19930701,,437222,4471816,N,,,,
40.3869044042556,-3.72313362116361,,Point,101,4_107,20150709,4,107,OPAÑEL,0604,I,107,0604,,93,285,U,28,079,07901,0790101,06234,Calle,del,Valle de Oro,N,50,A,,28019,11,026,112,T07912880,0790101632,,4,A,2,079-11-285,285,,559-3,2,3,19990405,19930701,,438733,4471160,N,,,,
40.4069679504754,-3.67040806723398,,Point,102,4_113,20150709,4,113,CONDE DE CASAL,0611,I,113,0611,,92,8,U,28,079,07901,0790101,01447,Plaza,del,Conde de Casal,N,3,,,28007,03,079,036,T07910074,0790101703,1,3,A,1,079-03-057,57,,559-4,2,3,19990405,19930701,,443225,4473352,T,,,,
40.4464363993485,-3.71942671196889,,Point,103,4_123,20150709,4,123,VICENTE ALEIXANDRE,0621,I,123,0621,,93,273,U,28,079,07901,0790101,11026,Avda,de,Gregorio del Amo,N,4,,,28040,09,033,093,T0795691,0790101253,,6,A,2,079-09-221,221,,559-1,2,3,19990405,19930701,,439101,4477765,N,,,,
40.4099260169851,-3.73893618157226,,Point,104,4_129,20150709,4,129,ALTO DE EXTREMADURA,0627,I,129,0627,,93,135,U,28,079,07901,0790101,02110,Paseo,de,Extremadura,N,154,,,28011,10,044,102,T0799695,0790101550,,5,A,2,079-10-265,265,,559-3,2,3,19990405,19930701,,437413,4473726,N,,,,
40.4123480941102,-3.70465526879971,,Point,105,4_13,20150709,4,13,TIRSO DE MOLINA,0113,I,13,0113,,92,349,U,28,079,07901,0790101,06033,Plaza,de,Tirso de Molina,N,7,,,28012,01,025,012,T0799530,0790101A10,,5,A,1,079-01-019,19,,559-3,2,3,19990405,19930701,,440323,4473971,N,,,,
40.4234160279581,-3.71119703758009,,Point,106,4_50,20150709,4,50,PLAZA DE ESPAÑA,0308,I,50,0308,,92,64,U,28,079,07901,0790101,02024,Plaza,de,España,N,1,,,28008,09,014,092,T0798462,0790101317,,6,A,2,079-09-231,231,,559-1,2,3,19990405,19930701,,439778,4475204,T,,,,
40.4270873644311,-3.71341309670545,,Point,107,4_51,20150709,4,51,VENTURA RODRIGUEZ,0309,I,51,0309,,93,369,U,28,079,07901,0790101,04939,Calle,de la,Princesa,N,22,,,28008,01,108,015,T0798003,0790101319,,5,A,1,079-01-006,6,,559-1,2,3,19990405,19930701,,439594,4475613,T,,,,
40.5083301210639,-3.66944258328346,,Point,108,4_276,20150709,4,276,LAS TABLAS,LAS TABLAS Linea 10,I,276,1053,,92,95,U,28,079,07901,0790101,45764,Calle,de,Palas de Rey,N,30,,,28050,08,167,086,T079385,0790101986,2,7,A,1,079-08-152,152,,534-4,2,3,20070424,20070101,,443392,4484602,T,,,,
40.4032422708359,-3.7610136676265,,Point,109,4_103,20150709,4,103,CASA DE CAMPO,Con Paseo de la Venta,I,103,0530,,91,42,U,28,079,07901,0790101,40759,Ctra,del,Zoo,N,1,,,28011,09,002,091,T07910057,0790101531,3,6,A,2,079-09-224,224,,559-3,2,3,20021120,20020901,,435533,4473000,T,,,,
40.4032079480189,-3.76101328108377,,Point,110,4_201,20150709,4,201,CASA DE CAMPO,0530,I,103,1015,,91,42,U,28,079,07901,0790101,99999,Paseo,de la,Venta,N,SN,,,28011,09,002,091,T07910057,0790101531,3,6,A,2,079-09-224,224,,559-3,2,3,19990405,20021022,,435533,4472996,T,,,,
40.4356928389923,-3.64282326413925,,Point,111,4_78,20150709,4,78,PUEBLO NUEVO,0505,I,78,0505,,93,305,U,28,079,07901,0790101,00132,Calle,de,Alcalá,N,372,,,28027,15,100,153,T0796862,0790101414,,1,A,2,079-15-414,414,,559-2,2,3,19990405,19930701,,445588,4476523,N,,,,
40.4435646769462,-3.72678481009787,,Point,112,4_124,20150709,4,124,CIUDAD UNIVERSITARIA,0622,I,124,0622,,92,70,U,28,079,07901,0790101,08012,Avda,,Complutense,N,1,,,28040,09,033,093,T0795967,0790101253,5,6,A,2,079-09-219,219,,559-1,2,3,19990405,19930701,,438474,4477451,T,,,,
40.4463288969386,-3.71229364452619,,Point,113,4_146,20150709,4,146,GUZMAN EL BUENO,0620,I,122,0715,,93,225,U,28,079,07901,0790101,02695,Calle,de,Guzmán el Bueno,N,118,,,28003,07,135,076,T0795687,0790101275,,6,A,1,079-07-121,121,,559-1,2,3,19990430,19930701,,439706,4477748,T,,,,
40.4102399277996,-3.65273420710476,,Point,114,4_176,20150709,4,176,VINATEROS,0916,I,176,0916,,93,372,U,28,079,07901,0790101,07514,Calle,del,Camino de los Vinateros,N,70,,,28030,14,030,144,T0799800,0790101694,,3,A,2,079-14-380,380,,559-4,2,3,19990405,19930701,,444727,4473704,N,,,,
40.4052238336675,-3.64181233777473,,Point,115,4_177,20150709,4,177,ARTILLEROS,0917,I,177,0917,,93,144,U,28,079,07901,0790101,07514,Calle,del,Camino de los Vinateros,N,210,,,28030,14,064,146,T07910371,0790101694,,3,A,2,079-14-385,385,,559-4,2,3,19990405,19930701,,445650,4473140,N,,,,
40.3955381621572,-3.66414170148567,,Point,116,4_20,20150709,4,20,NUEVA NUMANCIA,0120,I,20,0120,,93,281,U,28,079,07901,0790101,00130,Avda,de la,Albufera,N,70,,,28053,13,052,132,T07911684,0790101721,,3,A,2,079-13-351,351,,559-4,2,3,19990405,19930701,,443747,4472079,N,,,,
40.4038117574594,-3.6023940495699,,Point,117,4_181,20150709,4,181,SAN CIPRIANO,0921,I,181,0921,,93,327,U,28,079,07901,0790101,08410,Calle,de,San Cipriano,N,68,,,28032,19,007,191,T07910711,0790101892,,3,A,2,079-19-531,531,,559-4,2,3,19990405,19930701,,448993,4472960,T,,,,
40.4577886285205,-3.58752092904349,,Point,118,4_252,20150709,4,252,ALAMEDA DE OSUNA,ALAMEDA DE OSUNA Linea 5,I,252,0552,,93,121,U,28,079,07901,0790101,09118,Calle,de la,Corbeta,N,14,,,28042,21,004,211,T0794256,0790101237,,2,A,2,079-21-581,581,,559-2,2,3,20061123,20061101,,450295,4478943,T,,,,
40.4088515983755,-3.69248727105058,,Point,119,4_15,20150709,4,15,ESTACIÓN DEL ARTE,0115,I,15,0115,,92,29,U,28,079,07901,0790101,01949,Plaza,del,Emperador Carlos V,N,11,,,28012,01,058,012,T0799927,0790101564,1,4,A,1,079-01-023,23,,559-3,2,3,19990405,19930701,,441353,4473575,N,,,,
40.4065868145425,-3.68937811076585,,Point,120,4_16,20150709,4,16,ATOCHA RENFE,0116,I,16,0116,,90,54,U,28,079,07901,0790101,01357,Avda,de la,Ciudad de Barcelona,N,2,B,,28007,02,083,027,T07910055,0790101717,1,4,A,1,079-02-033,33,,559-3,2,3,19990405,19930701,,441615,4473322,T,,,,
40.4180929194931,-3.70941860871968,,Point,121,4_36,20150709,4,36,OPERA,0001,I,36,0209,,92,31,U,28,079,07901,0790101,02909,Plaza,de,Isabel II,N,9,,,28013,01,004,011,T0799022,0790101330,1,5,A,1,079-01-012,12,,559-1,2,3,19990405,19930701,,439924,4474612,N,,,,
40.4277201133387,-3.69593869523326,,Point,122,4_57,20150709,4,57,ALONSO MARTINEZ,0404,I,57,0404,,92,133,U,28,079,07901,0790101,00250,Plaza,de,Alonso Martínez,N,4,,,28004,07,072,073,T0797936,0790101296,,5,A,1,079-07-139,139,,559-1,2,3,19990405,19930701,,441076,4475672,N,,,,
40.4605518826648,-3.69824989397233,,Point,123,4_3,20150709,4,3,TETUAN,0103,I,3,0103,,93,348,U,28,079,07901,0790101,00886,Calle,de,Bravo Murillo,N,264,,,28020,06,058,063,T0793966,0790101261,,6,A,1,079-06-112,112,,559-1,2,3,19990405,19930701,,440909,4479318,N,,,,
40.3701916631975,-3.61346348307526,,Point,124,4_293,20150709,4,293,LA GAVIA,LA GAVIA Linea 1,I,293,0128,,93,246,U,28,079,07901,0790101,C0380,Avda,del,Ensanche de Vallecas,N,16,,,28031,18,047,181,T07914868,0790101A16,,3,A,2,079-18-512,512,,559-4,2,3,20070511,20070101,,448028,4469234,T,,,,
40.4245483896706,-3.67591017618596,,Point,125,4_30,20150709,4,30,GOYA,0203,I,30,0203,,91,61,U,28,079,07901,0790101,00132,Calle,de,Alcalá,N,96,,,28009,04,019,042,T0798443,0790101467,1,1,A,1,079-04-075,75,,559-2,2,3,19990405,19930701,,442773,4475306,T,,,,
40.4229448617607,-3.68012268104369,,Point,126,4_31,20150709,4,31,PRINCIPE DE VERGARA,0204,I,31,0204,,93,301,U,28,079,07901,0790101,00132,Calle,de,Alcalá,N,123,,,28009,04,015,042,T0798579,0790101468,,1,A,1,079-04-075,75,,559-2,2,3,19990405,19930701,,442414,4475131,N,,,,
40.4203067175233,-3.68624471917784,,Point,127,4_32,20150709,4,32,RETIRO,0205,I,32,0205,,93,314,U,28,079,07901,0790101,00132,Calle,de,Alcalá,N,81,,,28009,03,068,035,T0798814,0790101471,,3,A,1,079-03-047,47,,solape,2,3,19990405,19930701,,441892,4474842,N,,,,
40.4213154081332,-3.70795527665699,,Point,128,4_37,20150709,4,37,SANTO DOMINGO,0210,I,37,0210,,91,62,U,28,079,07901,0790101,05386,Calle,de,San Bernardo,N,11,,,28013,01,003,011,T0798775,0790101328,1,5,A,1,079-01-012,12,,559-1,2,3,19990405,19930701,,440051,4474969,N,,,,
40.4300127626608,-3.70556993325102,,Point,129,4_39,20150709,4,39,SAN BERNARDO,0212,I,39,0212,,93,325,U,28,079,07901,0790101,05386,Calle,de,San Bernardo,N,94,,,28015,07,050,073,T0797575,0790101297,,6,A,1,079-07-138,138,,559-1,2,3,19990405,19930701,,440261,4475933,N,,,,
40.3632280247659,-3.59953268972882,,Point,130,4_294,20150709,4,294,LAS SUERTES,LAS SUERTES Linea 1,I,294,0129,,93,257,U,28,079,07901,0790101,C0381,Calle,de,Cañada del Santísimo,N,45,,,28031,18,049,181,T07915560,0790101A15,,3,A,2,079-18-515,515,,559-4,2,3,20070511,20070101,,449206,4468453,T,,,,
40.3600681331852,-3.59316035499877,,Point,131,4_295,20150709,4,295,VALDECARROS,VALDECARROS Linea 1,I,295,0130,,93,362,U,28,079,07901,0790101,C0380,Avda,del,Ensanche de Vallecas,N,120,A,,28031,18,052,181,T07915692,0790101A15,,3,A,2,079-18-517,517,,559-4,2,3,20070511,20070101,,449744,4468099,T,,,,
40.4349234782849,-3.69897999234847,,Point,132,4_8,20150709,4,8,IGLESIA,0108,I,8,0108,,93,237,U,28,079,07901,0790101,04829,Gta,del,Pintor Sorolla,N,2,,,28010,07,065,073,T0796943,0790101298,,6,A,1,079-07-133,133,,559-1,2,3,19990405,19930701,,440825,4476473,T,,,,
40.4200082795095,-3.70180415406271,,Point,133,4_11,20150709,4,11,GRAN VIA,0111,I,11,0111,,93,222,U,28,079,07901,0790101,03097,Calle, ,Gran Vía,N,23,,,28013,01,117,016,T0798905,0790101328,,5,A,1,079-01-014,14,,559-1,2,3,19990405,19930701,,440572,4474820,N,,,,
40.4768153611651,-3.67636744147116,,Point,134,4_262,20150709,4,262,BAMBU,BAMBU Linea 1,I,262,0152,,93,152,U,28,079,07901,0790101,00710,Calle,del,Bambú,N,14,,,28036,05,094,056,T0791371,0790101A01,,1,A,1,079-05-083,83,,559-2,2,3,20070409,20070101,,442778,4481108,T,,,,
40.4210688443836,-3.72032355914226,,Point,135,4_127,20150709,4,127,PRINCIPE PIO,0002,I,127,0625,,90,18,U,28,079,07901,0790101,02239,Paseo,de la,Florida,N,2,,,28008,09,010,091,T0798149,0790101315,1,6,A,2,079-09-230,230,,559-1,2,3,19990405,19930701,,439002,4474950,P,,,,
40.421030690465,-3.7203262700195,,Point,136,4_198,20150709,4,198,PRINCIPE PIO,0002,I,127,1012,,90,18,U,28,079,07901,0790101,02239,Paseo,de la,Florida,N,2,,,28008,09,010,091,T0798149,0790101315,1,6,A,2,079-09-230,230,,559-1,2,3,19990405,19940101,,439002,4474946,P,,,,
40.4209949378,-3.72032588866299,,Point,137,4_238,20150709,4,238,PRINCIPE PIO,0002,I,127,0002,,90,18,U,28,079,07901,0790101,02239,Paseo,de la,Florida,N,2,,,28008,09,010,091,T0798149,0790101315,1,6,A,2,079-09-230,230,,559-1,2,3,19990405,19940101,,439002,4474942,P,,,,
40.4584214192787,-3.6898507512138,,Point,138,4_191,20150709,4,191,CUZCO,,I,191,1005,,93,180,U,28,079,07901,0790101,01213,Paseo,de la,Castellana,N,162,,,28046,05,069,054,T0794193,0790101263,,1,A,1,079-05-092,92,,559-1,2,3,19990405,19980101,,441619,4479076,N,,,,
40.4515891795258,-3.69037934673485,,Point,139,4_192,20150709,4,192,SANTIAGO BERNABEU,1006,I,192,1006,,92,342,U,28,079,07901,0790101,01213,Paseo,de la,Castellana,N,97,,,28046,05,004,051,T0794957,0790101265,,1,A,1,079-05-096,96,,559-1,2,3,19990405,19980101,,441569,4478317,N,,,,
40.3452428742768,-3.81211073504745,,Point,140,4_205,20150709,4,205,PUERTA DEL SUR,1021,I,205,1021,,92,307,U,28,007,00701,0070101,02477,Avda,de la,Libertad,N,2,,,28924,02,028,,T007474,0070101034,,5,B1,3,007-011,654,,559-3,2,3,20030120,20030101,,431138,4466601,T,,,,
40.349848097734,-3.80720128436728,,Point,141,4_204,20150709,4,204,JOAQUIN VILUMBRALES,1020,I,204,1020,,93,240,U,28,007,00701,0070101,02477,Avda,de la,Libertad,N,13,,,28925,02,021,,T007336,0070101020,,5,B1,3,007-012,655,,559-3,2,3,20030120,20030101,,431560,4467108,T,,,,
40.3808336147312,-3.72790024912171,,Point,142,4_207,20150709,4,207,ABRANTES,1102,I,207,1102,,93,431,U,28,079,07901,0790101,00017,Avda,de,Abrantes,N,77,,,28025,11,168,117,T07913568,0790101657,,4,A,2,079-11-296,296,,559-3,2,3,19990405,19930701,,438322,4470489,T,,,,
40.392664108961,-3.65868242534443,,Point,143,4_21,20150709,4,21,PORTAZGO,0121,I,21,0121,,93,302,U,28,079,07901,0790101,00130,Avda,de la,Albufera,N,131,,,28018,13,086,133,T07912107,0790101753,,3,A,2,079-13-358,358,,559-4,2,3,19990405,19930701,,444208,4471756,N,,,,
40.4279919067674,-3.61546907625776,,Point,144,4_133,20150709,4,133,SAN BLAS,0702,I,133,0702,,93,326,U,28,079,07901,0790101,07062,Calle,de,Pobladura del Valle,N,27,,,28037,20,031,203,T0797794,0790101490,,2,A,2,079-20-564,564,,559-2,2,3,19990405,19930701,,447903,4475651,N,,,,
40.4279923730252,-3.62572167294121,,Point,145,4_134,20150709,4,134,SIMANCAS,0703,I,134,0703,,93,346,U,28,079,07901,0790101,01224,Calle,del,Castillo de Madrigal de las Altas Torres,N,15,,,28037,20,017,201,T0797983,0790101482,,2,A,2,079-20-561,561,,559-2,2,3,19990405,19930701,,447033,4475657,N,,,,
40.480139978151,-3.66680448144828,,Point,146,4_263,20150709,4,263,PINAR DE CHAMARTIN,PINAR DE CHAMARTIN Linea 1,I,263,0153,,92,96,U,28,079,07901,0790101,00582,Calle,de,Arturo Soria,N,330,,,28033,15,164,159,T0791592,0790101155,4,1,A,2,079-15-397,397,,559-2,2,3,20070409,20070101,,443592,4481471,T,,,,
40.4801384844796,-3.66676106753469,,Point,147,4_266,20150709,4,266,PINAR DE CHAMARTIN,PINAR DE CHAMARTIN Linea 4,I,263,0423,,92,96,U,28,079,07901,0790101,00582,Calle,de,Arturo Soria,N,330,,,28033,15,164,159,T0791592,0790101155,4,1,A,2,079-15-397,397,,559-2,2,3,20070410,20070101,,443595,4481471,T,,,,
40.4180933419941,-3.70934960270523,,Point,148,4_89,20150709,4,89,OPERA,0001,I,36,0516,,92,31,U,28,079,07901,0790101,02909,Plaza,de,Isabel II,N,9,,,28013,01,004,011,T0799022,0790101330,1,5,A,1,079-01-012,12,,559-1,2,3,19990405,19930701,,439930,4474612,N,,,,
40.4180937644539,-3.70928059668931,,Point,149,4_237,20150709,4,237,OPERA,0001,I,36,0001,,92,31,U,28,079,07901,0790101,02909,Plaza,de,Isabel II,N,9,,,28013,01,004,011,T0799022,0790101330,1,5,A,1,079-01-012,12,,559-1,2,3,19990405,19930701,,439936,4474612,N,,,,
40.3846007903821,-3.71825209360675,,Point,150,4_206,20150709,4,206,PLAZA ELIPTICA,0605,I,108,1101,,90,36,U,28,079,07901,0790101,02184,Plaza,de,Fernández Ladreda,N,2,,,28025,11,183,117,T07913162,0790101659,3,4,A,2,079-11-297,297,,559-3,2,3,19990405,19930701,,439145,4470901,T,,,,
40.4380352878505,-3.67658343172522,,Point,151,4_118,20150709,4,118,AVENIDA DE AMERICA,0411,I,64,0616,,90,4,U,28,079,07901,0790101,00312,Avda,de,América,N,9,A,,28002,05,031,052,T0796594,0790101362,1,1,A,1,079-05-103,103,,559-2,2,3,19990405,19930701,,442727,4476804,N,,,,
40.4380356155743,-3.67652727951879,,Point,152,4_141,20150709,4,141,AVENIDA DE AMERICA,0411,I,64,0710,,90,4,U,28,079,07901,0790101,00312,Avda,de,América,N,9,A,,28002,05,031,052,T0796594,0790101362,1,1,A,1,079-05-103,103,,559-2,2,3,19990405,19930701,,442732,4476804,N,,,,
40.4380383287119,-3.67647115240005,,Point,153,4_170,20150709,4,170,AVENIDA DE AMERICA,0411,I,64,0910,,90,4,U,28,079,07901,0790101,00312,Avda,de,América,N,9,A,,28002,05,031,052,T0796594,0790101362,1,1,A,1,079-05-103,103,,559-2,2,3,19990405,19930701,,442737,4476804,N,,,,
40.4279041738074,-3.66925820304973,,Point,154,4_29,20150709,4,29,MANUEL BECERRA,0202,I,29,0202,,91,41,U,28,079,07901,0790101,05244,Plaza,de,Manuel Becerra,N,1,,,28028,04,034,042,T0797933,0790101387,1,1,A,1,079-04-076,76,,559-2,2,3,19990405,19930701,,443340,4475675,N,,,,
40.446973952783,-3.70397477197826,,Point,155,4_6,20150709,4,6,CUATRO CAMINOS,0106,I,6,0106,,91,40,U,28,079,07901,0790101,01600,Gta,de,Cuatro Caminos,N,2,,,28020,06,023,061,T0795640,0790101270,1,6,A,1,079-06-117,117,,559-1,2,3,19990405,19930701,,440412,4477814,T,,,,
40.4469742748596,-3.70392173504299,,Point,156,4_42,20150709,4,42,CUATRO CAMINOS,0106,I,6,0215,,91,40,U,28,079,07901,0790101,01600,Gta,de,Cuatro Caminos,N,10,,,28020,06,024,062,T0795641,0790101269,1,6,A,1,079-06-118,118,,559-1,2,3,19990405,19930701,,440416,4477814,T,,,,
40.3969754264342,-3.77461625619616,,Point,157,4_202,20150709,4,202,COLONIA JARDIN,1016,I,202,1016,,91,43,U,28,079,07901,0790101,10799,Calle,de,Arenas de San Pedro,N,2,,,28024,10,152,105,T07911169,0790101515,3,5,A,2,079-10-249,249,,559-3,2,3,19990405,20021022,,434373,4472315,T,,,,
40.3458943804137,-3.84933861659997,,Point,158,4_212,20150709,4,212,PARQUE OESTE,1204,I,212,1204,,93,294,U,28,007,00701,0070101,02606,Calle,de,Estambul,N,5,,,28922,01,017,,T007303,0070101029,,5,B1,3,007-008,651,,559-3,2,3,20030120,20030101,,427977,4466703,T,,,,
40.3351229765986,-3.87217960642448,,Point,159,4_213,20150709,4,213,UNIVERSIDAD REY JUAN CARLOS,1205,I,213,1205,,92,357,U,28,092,09201,0920101,A0368,Calle, ,Tulipán,N,2,,,28933,02,034,,T092114,0920101065,,5,B2,3,092-004,782,,558-4,2,3,20030120,20030101,,426025,4465526,T,,,,
40.3216769647447,-3.86488940297031,,Point,160,4_215,20150709,4,215,PRADILLO,1207,I,215,1207,,93,304,U,28,092,09201,0920101,A0004,Calle,de,Agustina de Aragón,N,23,,,28931,04,001,,T092404,0920101008,,5,B2,3,092-017,795,,581-2,2,3,20030120,20030101,,426630,4464028,T,,,,
40.3165242816456,-3.87471247771921,,Point,161,4_216,20150709,4,216,HOSPITAL DE MOSTOLES,1208,I,216,1208,,92,231,U,28,092,09201,0920101,A0325,Calle,del,Río Sella,N,10,,,28934,04,025,,T092569,0920101057,,5,B2,3,092-024,802,,581-2,2,3,20030120,20030101,,425790,4463464,T,,,,
40.2932438463166,-3.74576104044338,,Point,162,4_224,20150709,4,224,CONSERVATORIO,1218,I,224,1218,,93,177,U,28,065,06503,0650301,A0074,Avda,de las,Arcas del Agua,N,5,,,28905,03,026,,T0651135,0650301004,,4,B1,3,065-027,731,,582-1,2,3,20030120,20030101,,436724,4460780,T,,,,
40.2968126640553,-3.83768345712019,,Point,163,4_218,20150709,4,218,LORANCA,Con Calle de la Pintura,I,218,1210,,93,260,U,28,058,05805,0580501,A0015,Calle,de la,Alegría,N,4,,,28942,09,005,,T058165,0580501001,,4,B2,3,058-003,678,,582-1,2,3,20030120,20030101,,428915,4461245,T,,,,
40.2857554858776,-3.81641680868562,,Point,164,4_219,20150709,4,219,HOSPITAL DE FUENLABRADA,1212,I,219,1212,,92,230,U,28,058,05801,0580102,A0319,Cmno,del,Molino,N,3,,,28942,07,007,,T058439,0580102039,,4,B2,3,058-014,689,,582-1,2,3,20030120,20030101,,430711,4460001,T,,,,
40.2851756964955,-3.80632299228354,,Point,165,4_220,20150709,4,220,PARQUE EUROPA,1213,I,220,1213,,93,292,U,28,058,05801,0580102,A0179,Calle,de,Francia,N,34,,,28943,07,009,,T058510,0580102015,,4,B2,3,058-016,691,,582-1,2,3,20030120,20030101,,431569,4459929,T,,,,
40.438412998,-3.70433457335431,,Point,166,4_41,20150709,4,41,CANAL,0214,I,41,0214,,93,163,U,28,079,07901,0790101,00886,Calle,de,Bravo Murillo,N,40,,,28015,07,026,072,T0796585,0790101300,,6,A,1,079-07-132,132,,559-1,2,3,19990405,19930701,,440374,4476864,T,,,,
40.4332173151576,-3.70433286125026,,Point,167,4_40,20150709,4,40,QUEVEDO,0213,I,40,0213,,93,309,U,28,079,07901,0790101,05041,Gta,de,Quevedo,N,1,,,28015,07,055,073,T0797174,0790101298,,6,A,1,079-07-138,138,,559-1,2,3,19990405,19930701,,440369,4476288,N,,,,
40.2887417691494,-3.75682335666738,,Point,168,4_223,20150709,4,223,ARROYO CULEBRO,1217,I,223,1217,,93,142,U,28,065,06503,0650301,A0420,Paseo,de,Juan José Rosón,N,1,,,28905,03,032,,T0651262,0650301041,,4,B1,3,065-027,731,,582-1,2,3,20030120,20030101,,435780,4460288,T,,,,
40.3008139619265,-3.73663697171246,,Point,169,4_225,20150709,4,225,ALONSO DE MENDOZA,1219,I,225,1219,,93,132,U,28,065,06503,0650301,A0354,Calle,del,Greco,N,6,,,28904,03,001,,T065978,0650301017,,4,B1,3,065-022,726,,582-1,2,3,20030120,20030101,,437507,4461613,T,,,,
40.3242270149373,-3.7181978645244,,Point,170,4_229,20150709,4,229,LOS ESPARTALES,1223,I,229,1223,,93,261,U,28,065,06503,0650301,A0634,Avda, ,Rigoberta Menchú,N,3,,,28903,02,019,,T065112,0650301047,,4,B1,3,065-003,707,,582-1,2,3,20030120,20030101,,439095,4464199,T,,,,
40.3897710121487,-3.64521654904283,,Point,171,4_23,20150709,4,23,ALTO DEL ARENAL,0123,I,23,0123,,93,137,U,28,079,07901,0790101,05687,Calle,de,Santillana del Mar,N,21,,,28038,13,145,135,T07912438,0790101734,,3,A,2,079-13-346,346,,559-4,2,3,19990405,19930701,,445348,4471427,T,,,,
40.3347491078306,-3.75265895099191,,Point,172,4_232,20150709,4,232,JULIAN BESTEIRO,1226,I,232,1226,,93,242,U,28,074,07402,0740201,A0370,Avda, ,Rey Juan Carlos I,N,23,A,,28915,04,015,,T074615,0740201021,,4,B1,3,074-017,756,,solape,2,3,20030120,20030101,,436177,4465391,T,,,,
40.3999047785544,-3.69419961603634,,Point,173,4_44,20150709,4,44,DELICIAS,0302,I,44,0302,,92,181,U,28,079,07901,0790101,01675,Paseo,de las,Delicias,N,60,,,28045,02,061,025,T07911125,0790101622,,4,A,1,079-02-039,39,,559-3,2,3,19990405,19930701,,441200,4472583,T,,,,
40.336163147896,-3.77587362530074,,Point,174,4_236,20150709,4,236,SAN NICASIO,1230,I,236,1230,,93,338,U,28,074,07402,0740201,A0246,Avda, ,Mar Mediterráneo,SN,SN,,,28918,03,018,,T074496,0740201022,,4,B1,3,074-008,747,,559-3,2,3,20030120,20030101,,434207,4465565,T,,,,
40.3873157470567,-3.63950990063064,,Point,175,4_24,20150709,4,24,MIGUEL HERNANDEZ,0124,I,24,0124,,93,274,U,28,079,07901,0790101,11256,Calle,de,León Felipe,N,4,A,,28038,13,199,134,T07912642,0790101738,,3,A,2,079-13-348,348,,559-4,2,3,19990405,19930701,,445831,4471151,T,,,,
40.3735988410558,-3.73910292919002,,Point,176,4_254,20150709,4,254,SAN FRANCISCO,SAN FRANCISCO Linea 11,I,254,1104,,93,334,U,28,079,07901,0790101,04863,Avda,de los,Poblados,N,102,,,28054,11,156,116,T07914496,0790101985,,4,A,2,079-11-307,307,,559-3,2,3,20061213,20061101,,437365,4469694,T,,,,
40.3836394376112,-3.78392294643938,,Point,177,4_257,20150709,4,257,AVIACION ESPAÑOLA,AVIACION ESPAÑOLA Linea 10,I,257,1018,,93,150,U,28,079,07901,0790101,02110,Paseo,de,Extremadura,N,463,,,28024,10,161,107,T07913223,0790101524,,5,A,2,079-10-240,240,,559-3,2,3,20061221,20061222,,433570,4470841,T,,,,
40.4680013620738,-3.64866836052012,,Point,178,4_258,20150709,4,258,PINAR DEL REY,PINAR DEL REY Linea 8,I,258,0803,,93,298,U,28,079,07901,0790101,11656,Avda,de la,Gran Vía de Hortaleza,N,47,,,28043,16,045,164,T0793052,0790101172,,1,A,2,079-16-449,449,,559-2,2,3,20070117,20070115,,445119,4480112,T,,,,
40.4266172349772,-3.65051891390286,,Point,179,4_260,20150709,4,260,LA ELIPA,LA ELIPA Linea 2,I,260,0251,,93,244,U,28,079,07901,0790101,03858,Avda,del,Marqués de Corbera,N,58,,,28017,15,015,151,T0798184,0790101458,,1,A,2,079-15-426,426,,559-2,2,3,20070215,20070101,,444928,4475520,T,,,,
40.4333934840999,-3.60015365421252,,Point,180,4_286,20150709,4,286,ESTADIO METROPOLITANO,ESTADIO OLIMPICO Linea 7,I,286,0751,,93,210,U,28,079,07901,0790199,10964,Avda,de,Arcentales,N,28,,,28022,20,067,205,T0795745,0790199999,,2,A,2,079-20-555,555,,559-2,2,3,20070507,20070101,,449206,4476242,T,,,,
40.3283709218929,-3.52059752095372,,Point,181,4_184,20150709,4,184,RIVAS VACIAMADRID,0926,S,184,0926,,93,319,U,28,123,12307,1230701,01508,Calle, ,Areneros,N,6,,,28529,01,001,,T1231,1230701001,,3,B2,3,123-006,918,,,2,3,19990702,19990407,,455885,4464542,T,,,,
40.3915628772158,-3.6539061229837,,Point,182,4_22,20150709,4,22,BUENOS AIRES,0122,I,22,0122,,93,50,U,28,079,07901,0790101,00130,Avda,de la,Albufera,N,179,,,28038,13,198,135,T07911982,0790101732,,3,A,2,079-13-345,345,,559-4,2,3,19990405,19930701,,444612,4471631,N,,,,
40.4005115495727,-3.63512255629341,,Point,183,4_178,20150709,4,178,PAVONES,0918,I,178,0918,,91,52,U,28,079,07901,0790101,04590,Calle,de la,Hacienda de Pavones,N,342,,,28030,14,003,141,T07911071,0790101696,4,3,A,2,079-14-394,394,,559-4,2,3,19990405,19930701,,446214,4472613,N,,,,
40.3412286568915,-3.71199027086867,,Point,184,4_273,20150709,4,273,VILLAVERDE ALTO,VILLAVERDE ALTO Linea 3,I,273,0357,,91,82,U,28,079,07901,0790101,45300,Calle,del,Valle de Tobalina,N,56,,,28021,17,106,171,T07916147,0790101855,3,4,A,2,079-17-484,484,,559-3,2,3,20070420,20070101,,439638,4466082,T,,,,
40.4308844988134,-3.66365886645755,,Point,185,4_28,20150709,4,28,VENTAS,0201,I,28,0201,,93,367,U,28,079,07901,0790101,00132,Calle,de,Alcalá,N,204,,,28028,04,071,044,T0797177,0790101391,,1,A,1,079-04-073,73,,559-2,2,3,19990405,19930701,,443817,4476002,N,,,,
40.3090300558365,-3.86402119722615,,Point,186,4_217,20150709,4,217,MANUELA MALASAÑA,"PAU-4 FR-349 Infraestruct
Mostoles (Madrid)",I,217,1209,,93,266,U,28,092,09201,0920101,99999,Plaza, ,Sol de 9001,SN,SN,,,28938,04,001,,T092403,0920101001,,5,B2,3,092-030,808,,,2,3,20030120,20030101,,426690,4462623,T,,,,
40.4668960373106,-3.68916958703584,,Point,187,4_1,20150709,4,1,PLAZA DE CASTILLA,0101,I,1,0101,,90,21,U,28,079,07901,0790101,01213,Paseo,de la,Castellana,N,189,,,28046,06,076,064,T0793027,0790101119,1,1,A,1,079-06-109,109,,559-1,2,3,19990405,19930701,,441684,4480016,N,,,,
40.466896292393,-3.68912665320244,,Point,188,4_164,20150709,4,164,PLAZA DE CASTILLA,0101,I,1,0904,,90,21,U,28,079,07901,0790101,01213,Paseo,de la,Castellana,N,189,,,28046,05,088,056,T0793028,0790101119,1,1,A,1,079-05-085,85,,559-1,2,3,19990405,19930701,,441688,4480016,N,,,,
40.3508947639615,-3.69264894181344,,Point,189,4_271,20150709,4,271,VILLAVERDE BAJO CRUCE,VILLAVERDE BAJO CRUCE Linea 3,I,271,0355,,91,38,U,28,079,07901,0790101,00345,Avda,de,Andalucía,N,38,,,28021,17,066,174,T07915790,0790101839,3,4,A,2,079-17-481,481,,559-3,2,3,20070420,20070101,,441289,4467142,T,,,,
40.4721031246127,-3.68259088054998,,Point,190,4_189,20150709,4,189,CHAMARTIN,,I,261,1003,,90,25,U,28,079,07901,0790101,00073,Calle,de,Agustín de Foxá,N,40,,,28036,05,094,056,T0791996,0790101150,1,1,A,1,079-05-086,86,,559-2,2,3,19990405,19980101,,442247,4480589,T,,,,
40.4804129321054,-3.685849695579,,Point,191,4_188,20150709,4,188,BEGOÑA,,I,188,1002,,92,28,U,28,079,07901,0790101,01213,Paseo,de la,Castellana,N,261,,,28046,08,103,085,T0791468,0790101090,1,7,A,2,079-08-195,195,,559-2,2,3,19990405,19980101,,441978,4481514,N,,,,
40.5410235621335,-3.63738494117669,,Point,192,4_280,20150709,4,280,MARQUES DE LA VALDAVIA,MARQUES DE LA VALDAVIA Linea 10,I,280,1057,,93,268,U,28,006,00601,0060101,A0199,Calle,del,Marqués de la Valdavia,BLQ,21,,,28100,01,018,,T006269,0060101005,,1,B1,3,006-009,594,,534-4,2,3,20070424,20070101,,446134,4488211,T,,,,
40.5544232071442,-3.63512602371204,,Point,193,4_282,20150709,4,282,BAUNATAL,BAUNATAL Linea 10,I,282,1059,,93,159,U,28,134,13405,1340501,00893,Avda,de las,Lomas del Rey,N,2,,,,01,034,,T134389,1340501008,,1,B1,3,134-010,627,,534-4,2,3,20070424,20070101,,446336,4489697,T,,,,
40.4910977848675,-3.71634448229921,,Point,194,4_326,20150709,4,326,MIRASIERRA,,I,326,0951,,93,275,U,28,079,07901,0790101,11964,Avda,del,Ventisquero de la Condesa,N,28,,,28035,08,155,087,T079962,,,7,A,1,079-08-159,159,,559-1,2,3,20110329,20110328,,439402,4482720,T,,,,
40.4150284968071,-3.66951374370264,,Point,195,4_174,20150709,4,174,SAINZ DE BARANDA,0612,I,114,0914,,93,324,U,28,079,07901,0790101,01736,Calle,del,Doctor Esquerdo,N,103,,,28007,03,081,036,T0799211,0790101681,,3,A,1,079-03-056,56,,559-4,2,3,19990405,19930701,,443307,4474246,N,,,,
40.4150685388666,-3.66951413941805,,Point,196,4_114,20150709,4,114,SAINZ DE BARANDA,0612,I,114,0612,,93,324,U,28,079,07901,0790101,01736,Calle,del,Doctor Esquerdo,N,103,,,28007,03,081,036,T0799211,0790101681,,3,A,1,079-03-056,56,,559-4,2,3,19990405,19930701,,443307,4474250,N,,,,
40.4302055301581,-3.64105571498423,,Point,197,4_136,20150709,4,136,ASCAO,0705,I,136,0705,,93,146,U,28,079,07901,0790101,00621,Calle,de,Ascao,N,29,,,28017,15,050,152,T0797470,0790101452,,1,A,2,079-15-420,420,,559-2,2,3,19990405,19930701,,445734,4475912,N,,,,
40.4025981654589,-3.71137712281232,,Point,198,4_93,20150709,4,93,PIRAMIDES,0520,I,93,0520,,92,85,U,28,079,07901,0790101,11748,Paseo,del,Doctor Vallejo Nágera,N,37,,,28005,02,087,022,T07910733,0790101569,1,4,A,1,079-02-027,27,,559-3,2,3,19990405,19930701,,439744,4472894,T,,,,
40.3289852309455,-3.77153699668843,,Point,199,4_235,20150709,4,235,LEGANES CENTRAL,1229,I,235,1229,,92,88,U,28,074,07402,0740201,A0521,Calle,,Virgen del Camino,N,1,,,28913,01,020,,T0741000,0740201013,7,4,B1,3,074-012,751,,582-1,2,3,20030120,20030101,,434568,4464765,T,,,,
40.3500843402794,-3.83177862063198,,Point,200,4_211,20150709,4,211,ALCORCON CENTRAL,1203,I,211,1203,,92,89,U,28,007,00701,0070101,A0045,Avda,de,Móstoles,N,12,,,28922,01,002,,T007295,0070101028,7,5,B1,3,007-014,657,,559-3,2,3,20030120,20030101,,429473,4467154,T,,,,
40.3186231578854,-3.70985404230006,,Point,201,4_228,20150709,4,228,EL CASAR,1222,I,228,1222,,92,93,U,28,065,06503,0650301,A0161,Avda,del,Casar,N,2,,,28903,02,020,,T065211,0650301045,7,4,B1,3,065-005,709,,582-1,2,3,20030120,20030101,,439799,4463572,T,,,,
40.424805404818,-3.67684614290745,,Point,202,4_61,20150709,4,61,GOYA,0203,I,30,0408,,91,61,U,28,079,07901,0790101,02608,Calle,de,Goya,N,68,,,28001,04,019,042,T0798430,0790101468,1,1,A,1,079-04-075,75,,559-2,2,3,19990405,19930701,,442693,4475336,T,,,,
40.424175954821,-3.68023986899957,,Point,203,4_172,20150709,4,172,PRINCIPE DE VERGARA,0204,I,31,0912,,93,301,U,28,079,07901,0790101,02511,Calle,del,Príncipe de Vergara,N,12,,,28001,04,015,042,T0798453,0790101468,,1,A,1,079-04-075,75,,559-2,2,3,19990405,19930701,,442405,4475268,N,,,,
40.4375340733208,-3.69126760284298,,Point,204,4_194,20150709,4,194,GREGORIO MARAÑON,0711,I,142,1008,,92,223,U,28,079,07901,0790101,04049,Calle,de,Miguel Ángel,N,29,,,28010,07,093,074,T0796658,0790101293,,6,A,1,079-07-135,135,,559-1,2,3,19990405,19980101,,441481,4476758,T,,,,
40.3931027049207,-3.68864034744709,,Point,205,4_259,20150709,4,259,ARGANZUELA-PLANETARIO,ARGANZUELA-PLANETARIO Linea 6,S,259,0608,,93,143,U,28,079,07901,0790101,00895,Calle,del,Bronce,N,1,A,,28045,02,052,025,T07911957,0790101618,,4,A,1,079-02-040,40,,559-3,2,3,20070129,20070126,,441666,4471824,T,,,,
40.3720024216854,-3.75190634426727,,Point,206,4_255,20150709,4,255,CARABANCHEL ALTO,CARABANCHEL ALTO Linea 11,I,255,1105,,93,161,U,28,079,07901,0790101,02496,Avda,de,Carabanchel Alto,N,40,,,28054,11,139,116,T07914816,0790101807,,4,A,2,079-11-306,306,,559-3,2,3,20061213,20061101,,436276,4469526,T,,,,
40.4223935838227,-3.61206460968115,,Point,207,4_324,20150709,4,324,AVENIDA DE GUADALAJARA,,I,324,0254,,93,148,U,28,079,07901,0790101,10627,Avda,de,Guadalajara,N,110,,,28032,20,109,204,T0798699,0790101488,,2,A,1,079-20-571,571,,559-2,2,3,20110318,20110316,,448187,4475028,T,,,,
40.4237484310442,-3.60330559556744,,Point,208,4_325,20150709,4,325,LAS ROSAS,,I,325,0255,,93,256,U,28,079,07901,0790101,45387,Paseo,de,Ginebra,N,35,,,28022,20,106,205,T0798496,0790101956,,2,A,1,079-20-572,572,,559-2,2,3,20110318,20110316,,448931,4475173,T,,,,
40.3642240118116,-3.75690271058812,,Point,209,4_256,20150709,4,256,LA PESETA,LA PESETA Linea 11,I,256,1106,,93,250,U,28,079,07901,0790101,C0333,Calle,de,Salvador Allende,N,3,,,28054,11,155,116,T07915170,0790101983,,4,A,2,079-11-305,305,,559-3,2,3,20061213,20061101,,435845,4468666,T,,,,
40.4050996506522,-3.74533695945151,,Point,210,4_130,20150709,4,130,LUCERO,0628,I,130,0628,,93,262,U,28,079,07901,0790101,02777,Calle,de las,Higueras,N,47,,,28011,10,055,103,T07910384,0790101532,,5,A,2,079-10-262,262,,559-3,2,3,19990405,19930701,,436865,4473195,T,,,,
40.4850150260736,-3.72304554155022,,Point,211,4_152,20150709,4,152,LACOMA,0721,I,152,0721,,93,253,U,28,079,07901,0790101,11977,Calle,de,Riscos de Polanco,N,3,,,28035,08,142,083,T0791283,0790101901,,7,A,2,079-08-172,172,,559-1,2,3,19990430,19930701,,438829,4482050,T,,,,
40.4801026115457,-3.71839825221866,,Point,212,4_151,20150709,4,151,AVDA. DE LA ILUSTRACION,0720,I,151,0720,,93,147,U,28,079,07901,0790101,09633,Calle,de las,Islas Cíes,N,23,,,28035,08,026,083,T0791548,0790101073,,7,A,2,079-08-175,175,,559-1,2,3,19990430,19930701,,439218,4481501,T,,,,
40.4648235328361,-3.71597212685142,,Point,213,4_148,20150709,4,148,VALDEZARZA,0717,I,148,0717,,93,365,U,28,079,07901,0790101,08822,Calle,de,San Restituto,N,70,,,28039,09,060,094,T0793398,0790101112,,6,A,2,079-09-210,210,,559-1,2,3,19990429,19930701,,439410,4479804,T,,,,
40.4563390683252,-3.67682428677482,,Point,214,4_156,20150709,4,156,COLOMBIA,0802,I,156,0802,,92,77,U,28,079,07901,0790101,02511,Calle,del,Príncipe de Vergara,N,258,,,28016,05,098,054,T0794392,0790101336,,1,A,1,079-05-094,94,,559-2,2,3,20020730,20020101,,442722,4478836,T,,,,
40.4323531942728,-3.67426171253058,,Point,215,4_82,20150709,4,82,DIEGO DE LEON,0410,I,63,0509,,92,66,U,28,079,07901,0790101,03219,Calle,de,Juan Bravo,N,58,,,28006,04,102,045,T0797320,0790101387,1,1,A,1,079-04-072,72,,559-2,2,3,19990405,19930701,,442919,4476172,N,,,,
40.4350235151956,-3.7194506192407,,Point,216,4_53,20150709,4,53,MONCLOA,0311,I,53,0311,,90,14,U,28,079,07901,0790101,03934,Plaza,de la,Moncloa,N,1,,,28008,09,010,091,T0796694,0790101308,5,6,A,2,079-09-226,226,,559-1,2,3,19990405,19930701,,439089,4476498,T,,,,
40.4768742266936,-3.66289547589112,,Point,217,4_265,20150709,4,265,MANOTERAS,MANOTERAS Linea 4,I,265,0422,,93,264,U,28,079,07901,0790101,00688,Calle,de,Bacares,N,24,,,28033,16,085,165,T0791763,0790101159,,1,A,2,079-16-442,442,,559-2,2,3,20070410,20070101,,443920,4481106,T,,,,
40.3723823703667,-3.61884135012454,,Point,218,4_27,20150709,4,27,CONGOSTO,0127,I,27,0127,,93,176,U,28,079,07901,0790101,01480,Calle,del,Congosto,N,48,,,28031,18,021,181,T07914629,0790101783,,3,A,2,079-18-502,502,,559-4,2,3,19990429,19930701,,447573,4469481,T,,,,
40.4757741638309,-3.58252790979637,,Point,219,4_160,20150709,4,160,BARAJAS,0807,I,160,0807,,92,37,U,28,079,07901,0790101,02803,Cmno,,Viejo de Hortaleza,N,10,,,28042,21,028,214,T0791777,0790101230,4,2,A,1,079-21-575,575,,559-2,2,3,20020215,19980101,,450732,4480936,T,,,,
40.402071738556,-3.67385603841189,,Point,220,4_112,20150709,4,112,PACIFICO,0118,I,18,0610,,92,53,U,28,079,07901,0790101,00344,Calle,de,Andalucía,N,2,,,28007,03,099,032,T07910981,0790101712,1,3,A,1,079-03-064,64,,559-4,2,3,19990405,19930701,,442928,4472810,N,,,,
40.3217702700883,-3.76797304730462,,Point,221,4_234,20150709,4,234,HOSPITAL SEVERO OCHOA,1228,I,234,1228,,92,234,U,28,074,07402,0740201,99999,Avda, ,Orellana,N,3,,,28914,01,001,,T0741187,0740201001,,4,B1,3,074-031,770,,,2,3,20030120,20030101,,434864,4463962,T,,,,
40.3454308655006,-3.81248917974568,,Point,222,4_209,20150709,4,209,PUERTA DEL SUR,1021,I,205,1201,,92,307,U,28,007,00701,,02418,Avda,de,Leganés,N,52,,,28924,02,001,,,,,5,B1,3,007-011,654,,,2,3,20030120,20030101,,431106,4466622,T,,,,
40.5503748336655,-3.62339941044202,,Point,223,4_283,20150709,4,283,REYES CATOLICOS,REYES CATOLICOS Linea 10,I,283,1060,,93,315,U,28,134,13405,1340501,00285,Avda,de la,Plaza de Toros,N,7,,,28701,01,004,,T134449,1340501001,,1,B1,3,134-012,629,,534-4,2,3,20070424,20070101,,447326,4489241,T,,,,
40.5504799808972,-3.64687944950569,,Point,224,4_281,20150709,4,281,MANUEL DE FALLA,MANUEL DE FALLA Linea 10,I,281,1058,,93,265,U,28,006,00601,0060101,A0192,Calle, ,Manuel de Falla,N,59,,,28100,01,054,,T00625,0060101034,,1,B1,3,006-003,588,,534-4,2,3,20070424,20070101,,445338,4489267,T,,,,
40.5275996223624,-3.65859208713804,,Point,225,4_278,20150709,4,278,LA GRANJA,LA GRANJA Linea 10,I,278,1055,,93,247,U,28,006,00601,0060101,A0299,Calle,de,Sepúlveda,N,1,,,28108,01,060,,T006468,0060101031,,1,B1,3,006-008,593,,534-4,2,3,20070424,20070101,,444327,4486734,T,,,,
40.5597694481961,-3.61145473384219,,Point,226,4_284,20150709,4,284,HOSPITAL INFANTA SOFIA,HOSPITAL DEL NORTE Linea 10,I,284,1061,,92,233,U,28,134,13405,1340501,10111,Paseo, ,Europa,N,11,,,28702,01,033,,T134276,1340501011,,1,B1,3,134-004,621,,534-4,2,3,20070424,20070101,,448344,4490276,T,,,,
40.44379456449,-3.68406186705705,,Point,227,4_119,20150709,4,119,REPUBLICA ARGENTINA,0617,I,119,0617,,93,312,U,28,079,07901,0790101,03070,Calle,de,Joaquín Costa,N,24,,,28002,05,008,051,T0795857,0790101371,,1,A,1,079-05-096,96,,559-2,2,3,19990405,19930701,,442098,4477448,N,,,,
40.4465526699884,-3.69240559234498,,Point,228,4_155,20150709,4,155,NUEVOS MINISTERIOS,0618,I,120,0801,,90,71,U,28,079,07901,0790101,01213,Paseo,de la,Castellana,N,65,,,28046,06,029,062,T0795322,0790101267,1,6,A,1,079-06-120,120,,559-1,2,3,20021120,20020101,,441392,4477760,T,,,,
40.4720268529735,-3.6825901094031,,Point,229,4_261,20150709,4,261,CHAMARTIN,"Complejo Ferroviario
CHAMARTIN Linea 1",I,261,0151,,90,25,U,28,079,07901,0790101,00073,Calle,de,Agustín de Foxá,N,40,,,28036,05,094,056,T0791996,0790101150,1,1,A,1,079-05-086,86,,559-2,2,3,20070328,20070101,,442247,4480581,T,,,,
40.4042159164034,-3.6088588260062,,Point,230,4_180,20150709,4,180,VICALVARO,0920,I,180,0920,,93,26,U,28,079,07901,0790101,08410,Calle,de,San Cipriano,N,11,,,28032,19,003,191,T07910681,0790101889,4,3,A,2,079-19-526,526,,559-4,2,3,19990405,19930701,,448445,4473008,T,,,,
40.4237362059777,-3.56119234949966,,Point,231,4_288,20150709,4,288,COSLADA CENTRAL,"COSLADA CENTRAL Linea 7
Con Trva de León Felipe",I,288,0755,,92,87,U,28,049,04901,0490101,A0080,Calle,del,Doctor Fleming,N,41,,,28821,01,013,,T049291,0490101010,8,2,B1,3,049-005,898,,559-2,2,3,20070507,20070101,,452504,4475148,T,,,,
40.4390993999931,-3.65200400129475,,Point,232,4_138,20150709,4,138,BARRIO DE LA CONCEPCION,0707,I,138,0707,,93,154,U,28,079,07901,0790101,09814,Calle,de,Martínez Villergas,N,1,,,28027,15,136,155,T0796553,0790101407,,1,A,2,079-15-408,408,,559-2,2,3,19990405,19930701,,444813,4476906,N,,,,
40.41246356569,-3.69937296334489,,Point,233,4_14,20150709,4,14,ANTON MARTIN,0114,I,14,0114,,93,138,U,28,079,07901,0790101,00645,Calle,de,Atocha,N,50,,,28012,01,027,012,T0799542,0790101A10,,5,A,1,079-01-020,20,,559-3,2,3,19990405,19930701,,440772,4473981,N,,,,
40.4383753761104,-3.69924564323726,,Point,234,4_143,20150709,4,143,ALONSO CANO,0712,I,143,0712,,93,131,U,28,079,07901,0790101,02527,Calle,de,José Abascal,N,18,,,28010,07,090,074,T0796622,0790101293,,6,A,1,079-07-134,134,,559-1,2,3,19990405,19930701,,440805,4476857,T,,,,
40.4564818207783,-3.7123866721983,,Point,235,4_147,20150709,4,147,FRANCOS RODRIGUEZ,0716,I,147,0716,,93,215,U,28,079,07901,0790101,11041,Avda,de,Pablo Iglesias,N,87,,,28039,09,039,093,T0794428,0790101256,,6,A,1,079-09-217,217,,559-1,2,3,19990430,19930701,,439707,4478875,T,,,,
40.4702177203907,-3.71769485524122,,Point,236,4_149,20150709,4,149,ANTONIO MACHADO,0718,I,149,0718,,93,139,U,28,079,07901,0790101,08974,Calle,de,Valderrodrigo,N,55,,,28039,09,052,094,T0792691,0790101100,,6,A,2,079-09-208,208,,559-1,2,3,19990430,19930701,,439269,4480404,T,,,,
40.303669277437,-3.44751896078065,,Point,237,4_186,20150709,4,186,ARGANDA DEL REY,0928,S,186,0928,,93,141,U,28,014,01401,0140101,A0135,Paseo,de la,Estación,N,37,,,28500,01,001,,T014354,0140101016,,3,B3,3,014-004,889,,583-1,2,3,19990702,19990407,,462079,4461766,T,,,,
40.4768890688056,-3.70316450384176,,Point,238,4_162,20150709,4,162,BARRIO DEL PILAR,0902,I,162,0902,,93,156,U,28,079,07901,0790101,09113,Calle,de,Ginzo de Limia,N,22,,,28029,08,090,085,T0791839,0790101095,,7,A,2,079-08-198,198,,559-1,2,3,19990405,19930701,,440507,4481134,N,,,,
40.3777068887697,-3.79151519987357,,Point,239,4_203,20150709,4,203,CUATRO VIENTOS,1019,I,203,1019,,92,84,U,28,079,07901,0790101,04078,Col, ,Militar de Cuatro Vientos,N,6,B,,28024,10,216,106,T07913886,0790101522,3,5,A,2,079-10-233,233,,559-3,2,3,20030120,20030101,,432919,4470188,T,,,,
40.4514484326224,-3.67738012287591,,Point,240,4_168,20150709,4,168,CONCHA ESPINA,0908,I,168,0908,,93,175,U,28,079,07901,0790101,02511,Calle,del,Príncipe de Vergara,N,210,,,28002,05,049,053,T0795041,0790101369,,1,A,1,079-05-097,97,,559-2,2,3,19990405,19930701,,442671,4478293,N,,,,
40.4694353769873,-3.69588332976518,,Point,241,4_163,20150709,4,163,VENTILLA,0903,I,163,0903,,93,368,U,28,079,07901,0790101,11612,Avda,de,Asturias,N,39,,,28029,06,073,064,T0792766,0790101123,,6,A,1,079-06-106,106,,559-1,2,3,19990405,19930701,,441118,4480302,N,,,,
40.4676258515088,-3.6791705524779,,Point,242,4_165,20150709,4,165,DUQUE DE PASTRANA,0905,I,165,0905,,93,200,U,28,079,07901,0790101,03953,Calle,de,Mateo Inurria,N,41,,,28036,05,100,056,T0792355,0790101198,,1,A,1,079-05-088,88,,559-2,2,3,19990405,19930701,,442533,4480090,N,,,,
40.4693837871887,-3.63832022322047,,Point,243,4_157,20150709,4,157,MAR DE CRISTAL,0418,I,71,0804,,92,79,U,28,079,07901,0790101,99999,Gta,de,Mar de Cristal,N,1,,,28033,16,050,164,T0792832,0790101173,4,1,A,2,079-16-452,452,,559-2,2,3,19990405,19980101,,445997,4480260,T,,,,
40.430598358764,-3.71595686972729,,Point,244,4_54,20150709,4,54,ARGÜELLES,0310,I,52,0401,,92,68,U,28,079,07901,0790101,00120,Calle,de,Alberto Aguilera,N,72,,,28015,07,001,071,T0797329,0790101303,,5,A,1,079-07-136,136,,559-1,2,3,19990405,19930701,,439381,4476005,N,,,,
40.4176100182185,-3.53453497209821,,Point,245,4_296,20150709,4,296,HOSPITAL DEL HENARES,"HOSPITAL DEL HENARES Linea 7
El raso. Coslada (MADRID)",I,296,0760,,92,232,U,28,049,04901,0490199,99999,Cmno,del,Tiro,N,SN,,,28822,02,016,021,T049357,0490199001,,3,B1,2,049-012,905,,solape,2,3,20080215,20080101,,454761,4474454,T,,,,
40.4305318396402,-3.71595616544418,,Point,246,4_126,20150709,4,126,ARGÜELLES,0310,I,52,0624,,92,68,U,28,079,07901,0790101,99999,Calle,de,Alberto Aguilera,N,72,,,28015,01,107,015,T0797504,0790101319,,5,A,1,079-01-001,1,,559-1,2,3,19990405,19930701,,439381,4475997,T,,,,
40.4201364950851,-3.70566123684341,,Point,247,4_49,20150709,4,49,CALLAO,0307,I,49,0307,,91,62,U,28,079,07901,0790101,00987,Plaza,del,Callao,N,3,,,28013,01,117,016,T0798880,0790101328,1,5,A,1,079-01-013,13,,559-1,2,3,19990405,19930701,,440245,4474836,T,,,,
40.4394476023403,-3.66297058086922,,Point,248,4_139,20150709,4,139,PARQUE DE LAS AVENIDAS,0708,I,139,0708,,93,289,U,28,079,07901,0790101,00902,Avda,de,Bruselas,N,56,,,28028,04,082,044,T0796479,0790101400,,1,A,1,079-04-069,69,,559-2,2,3,19990405,19930701,,443883,4476952,N,,,,
40.4229331780798,-3.69761659244378,,Point,249,4_86,20150709,4,86,CHUECA,0513,I,86,0513,,93,170,U,28,079,07901,0790101,01644,Plaza,de,Chueca,N,7,,,28004,01,081,014,T0798596,0790101324,,5,A,1,079-01-004,4,,559-1,2,3,19990405,19930701,,440930,4475141,N,,,,
40.4259951967804,-3.702077748836,,Point,250,4_196,20150709,4,196,TRIBUNAL,0110,I,10,1010,,92,355,U,28,079,07901,0790101,04502,Calle,de la,Palma,N,5,,,28004,01,101,015,T0798207,0790101321,,5,A,1,079-01-003,3,,559-1,2,3,19990405,19930701,,440554,4475484,N,,,,
40.4251434841391,-3.54792383333825,,Point,251,4_289,20150709,4,289,LA RAMBLA,LA RAMBLA Linea 7,I,289,0756,,93,252,U,28,049,04901,0490101,A0132,Calle, ,Honduras,N,2,,,28823,02,004,,T049174,0490101013,,2,B1,3,049-006,899,,559-2,2,3,20070507,20070101,,453630,4475298,T,,,,
40.422496870096,-3.56918847026566,,Point,252,4_287,20150709,4,287,BARRIO DEL PUERTO,BARRIO DEL PUERTO Linea 7,I,287,0754,,93,157,U,28,049,04901,0490101,A0101,Avda,de,España,N,8,,,28821,01,020,,T049324,0490101009,,2,B1,3,049-009,902,,559-2,2,3,20070507,20070101,,451824,4475015,T,,,,
40.4244122496606,-3.53541452255171,,Point,253,4_290,20150709,4,290,SAN FERNANDO,SAN FERNANDO Linea 7,I,290,0757,,93,332,U,28,130,13002,1300201,00037,Calle,de,Gonzalo de Córdoba,N,24,,,28830,01,001,,T130234,1300201002,,2,B1,3,130-008,929,,559-2,2,3,20070507,20070101,,454691,4475210,T,,,,
40.4177694852412,-3.52717835279042,,Point,254,4_292,20150709,4,292,HENARES,HENARES Linea 7,I,292,0759,,93,226,U,28,130,13002,1300201,00502,Avda,de,Algorta,N,12,,,28830,01,015,191,T130336,1300201009,,2,B1,3,130-009,930,,solape,2,3,20070507,20070101,,455385,4474468,T,,,,
40.4442658811033,-3.67821410967105,,Point,255,4_169,20150709,4,169,CRUZ DEL RAYO,0909,I,169,0909,,93,179,U,28,079,07901,0790101,02511,Calle,del,Príncipe de Vergara,N,138,,,28002,05,043,053,T0795757,0790101364,,1,A,1,079-05-097,97,,559-2,2,3,19990405,19930701,,442594,4477497,N,,,,
40.4044505222636,-3.68097941707577,,Point,256,4_17,20150709,4,17,MENENDEZ PELAYO,0117,I,17,0117,,93,272,U,28,079,07901,0790101,01357,Avda,de la,Ciudad de Barcelona,N,23,,,28007,03,005,031,T07910481,0790101710,,3,A,1,079-03-060,60,,559-4,2,3,19990405,19930701,,442325,4473079,N,,,,
40.359585428137,-3.69362644417066,,Point,257,4_270,20150709,4,270,CIUDAD DE LOS ANGELES,CIUDAD DE LOS ANGELES Linea 3,I,270,0354,,93,172,U,28,079,07901,0790101,00345,Avda,de,Andalucía,N,38,,,28041,17,086,175,T07915466,0790101837,,4,A,2,079-17-467,467,,559-3,2,3,20070420,20070101,,441213,4468107,T,,,,
40.3415419360096,-3.69318029918632,,Point,258,4_272,20150709,4,272,SAN CRISTOBAL,SAN CRISTOBAL Linea 3,I,272,0356,,93,328,U,28,079,07901,0790101,00345,Avda,de,Andalucía,N,81,,,28021,17,106,171,T07916091,0790101857,,4,A,2,079-17-484,484,,559-3,2,3,20070420,20070101,,441235,4466104,T,,,,
40.42966246161,-3.70567378858878,,Point,259,4_55,20150709,4,55,SAN BERNARDO,0212,I,39,0402,,93,325,U,28,079,07901,0790101,05292,Gta,de,Ruiz Jiménez,N,5,,,28015,07,050,073,T0797624,0790101297,,6,A,1,079-07-138,138,,559-1,2,3,19990405,19930701,,440252,4475894,N,,,,
40.428850304442,-3.70113817556514,,Point,260,4_56,20150709,4,56,BILBAO,0109,I,9,0403,,93,160,U,28,079,07901,0790101,05315,Calle,de,Sagasta,N,5,,,28004,07,073,073,T0797776,0790101297,,6,A,1,079-07-139,139,,559-1,2,3,19990405,19930701,,440636,4475801,N,,,,
40.4282825813705,-3.6950229019467,,Point,261,4_85,20150709,4,85,ALONSO MARTINEZ,0404,I,57,0512,,92,133,U,28,079,07901,0790101,00224,Calle,de,Almagro,N,4,,,28010,07,075,074,T0797902,0790101295,,6,A,1,079-07-140,140,,559-1,2,3,19990405,19930701,,441155,4475734,N,,,,
40.4051272711625,-3.70268049977228,,Point,262,4_46,20150709,4,46,EMBAJADORES,Con gta de Embajadores,I,46,0304,,92,10,U,28,079,07901,0790101,01925,Gta,de,Embajadores,N,10,,,28012,01,039,012,T07910437,0790101612,1,5,A,1,079-01-022,22,,559-3,2,3,19990405,19930701,,440485,4473168,T,,,,
40.4349663108718,-3.71945001068823,,Point,263,4_125,20150709,4,125,MONCLOA,0311,I,53,0623,,90,14,U,28,079,07901,0790101,04213,Paseo,de,Moret,N,1,,,28008,09,028,092,T0796952,0790101305,5,6,A,2,079-09-227,227,,559-1,2,3,19990405,19930701,,439089,4476492,T,,,,
40.3856286195639,-3.76080381070444,,Point,264,4_100,20150709,4,100,ALUCHE,0527,E,100,0527,,90,1,U,28,079,07901,0790101,08718,Calle,de,Valmojado,N,293,,,28047,10,091,104,T07912935,0790101642,3,5,A,2,079-10-256,256,,559-3,2,3,19990405,19930701,,435534,4471045,T,,,,
40.4038716437299,-3.70664108607519,,Point,265,4_92,20150709,4,92,ACACIAS,0519,I,46,0519,,92,10,U,28,079,07901,0790101,00022,Paseo,de las,Acacias,N,20,,,28005,02,020,022,T07910480,0790101567,1,4,A,1,079-02-028,28,,559-3,2,3,19990405,19930701,,440147,4473032,N,,,,
40.3911577579403,-3.69505136534669,,Point,266,4_110,20150709,4,110,LEGAZPI,Con Calle del Vado de Santa Catalina,I,43,0607,,92,11,U,28,079,07901,0790101,03410,Plaza,de,Legazpi,N,2,B,,28045,02,100,024,T07912296,0790101625,1,4,A,1,079-02-041,41,,559-3,2,3,19990405,19930701,,441120,4471613,T,,,,
40.3911549995102,-3.69511368759602,,Point,267,4_43,20150709,4,43,LEGAZPI,0301,I,43,0301,,92,11,U,28,079,07901,0790101,03410,Plaza,de,Legazpi,N,2,B,,28045,02,047,023,T07912258,0790101624,1,4,A,1,079-02-038,38,,559-3,2,3,19990405,19930701,,441114,4471612,T,,,,
40.395375599391,-3.67814150708304,,Point,268,4_111,20150709,4,111,MENDEZ ALVARO,0609,I,111,0609,,90,13,U,28,079,07901,0790101,11713,Calle,del,Ombu,N,16,,,28045,02,083,027,T07911253,0790101720,1,4,A,1,079-02-044,44,,559-4,2,3,19990405,19930701,,442559,4472070,N,,,,
40.3884647630932,-3.73132331241503,,Point,269,4_96,20150709,4,96,OPORTO,0523,I,96,0523,,92,16,U,28,079,07901,0790101,07986,Gta,del,Valle de Oro,N,13,,,28019,11,032,112,T07912607,0790101656,3,4,A,2,079-11-283,283,,559-3,2,3,19990405,19930701,,438039,4471339,N,,,,
40.3884675194837,-3.73126411287804,,Point,270,4_106,20150709,4,106,OPORTO,0523,I,96,0603,,92,16,U,28,079,07901,0790101,07986,Gta,del,Valle de Oro,N,2,,,28019,11,032,112,T07912607,0790101656,3,4,A,2,079-11-283,283,,559-3,2,3,19990405,19930701,,438044,4471339,N,,,,
40.425432159419,-3.68663043638334,,Point,271,4_59,20150709,4,59,SERRANO,0406,I,59,0406,,93,344,U,28,079,07901,0790101,02608,Calle,de,Goya,N,19,,,28001,04,005,041,T0798191,0790101379,,1,A,1,079-04-070,70,,solape,2,3,19990405,19930701,,441864,4475412,N,,,,
40.4346794643927,-3.67495273007717,,Point,272,4_63,20150709,4,63,DIEGO DE LEON,0410,I,63,0410,,92,66,U,28,079,07901,0790101,01704,Calle,de,Diego de León,N,69,,,28028,04,099,045,T0796908,0790101384,1,1,A,1,079-04-067,67,,559-2,2,3,19990405,19930701,,442862,4476430,N,,,,
40.505252159111,-3.69575069505638,,Point,273,4_275,20150709,4,275,MONTECARMELO,MONTECARMELO Linea 10,I,275,1052,,93,277,U,28,079,07901,0790101,45934,Avda,de,Monasterio de Silos,N,63,A,,28049,08,165,088,T079442,0790101981,,7,A,2,079-08-145,145,,534-3,2,3,20070424,20070101,,441160,4484278,T,,,,
40.448248388161,-3.66790615299561,,Point,274,4_66,20150709,4,66,ALFONSO XIII,0413,I,66,0413,,93,129,U,28,079,07901,0790101,03477,Calle,de,López de Hoyos,N,190,,,28002,05,022,052,T0795542,0790101359,,1,A,1,079-05-099,99,,559-2,2,3,19990405,19930701,,443471,4477932,N,,,,
40.4535426348993,-3.66118199968261,,Point,275,4_67,20150709,4,67,AVENIDA DE LA PAZ,0414,I,67,0414,,93,149,U,28,079,07901,0790101,05092,Avda,de,Ramón y Cajal,N,107,,,28043,15,153,156,T0794748,0790101354,,1,A,2,079-15-401,401,,559-2,2,3,19990405,19930701,,444046,4478515,N,Esq Avda de Ramón y Cajal,,,
40.4594472971918,-3.64581718003963,,Point,276,4_69,20150709,4,69,ESPERANZA,0416,I,69,0416,,93,207,U,28,079,07901,0790101,10219,Calle,de,Andorra,N,51,,,28043,16,015,163,T0793932,0790101224,,1,A,2,079-16-458,458,,559-2,2,3,19990405,19930701,,445354,4479161,N,,,,
40.4694260338848,-3.63832267340299,,Point,277,4_71,20150709,4,71,MAR DE CRISTAL,0418,I,71,0418,,92,79,U,28,079,07901,0790101,11719,Gta,del,Mar de Cristal,N,1,B,,28033,16,050,164,T0792835,0790101173,4,1,A,2,079-16-452,452,,559-2,2,3,19990405,19930701,,445997,4480264,T,,,,
40.4744707395869,-3.6395772765646,,Point,278,4_72,20150709,4,72,SAN LORENZO,0419,I,72,0419,,93,337,U,28,079,07901,0790101,07486,Avda,de la,Barranquilla,N,9,,,28033,16,058,164,T0792111,0790101173,,1,A,2,079-16-450,450,,559-2,2,3,19990405,19930701,,445895,4480825,T,,,,
40.4494208443657,-3.60816032312032,,Point,279,4_74,20150709,4,74,CANILLEJAS,0501,I,74,0501,,91,6,U,28,079,07901,0790101,00132,Calle,de,Alcalá,N,631,,,28022,20,072,207,T0795385,0790101001,4,2,A,2,079-20-547,547,,559-2,2,3,19990405,19930701,,448539,4478026,N,,,,
40.4437432964146,-3.61699470593882,,Point,280,4_75,20150709,4,75,TORRE ARIAS,0502,I,75,0502,,93,350,U,28,079,07901,0790101,00132,Calle,de,Alcalá,N,557,,,28027,20,095,208,T0795643,0790101431,,2,A,2,079-20-545,545,,559-2,2,3,19990405,19930701,,447785,4477401,N,,,,
40.4408512430777,-3.62683974417714,,Point,281,4_76,20150709,4,76,SUANZES,0503,I,76,0503,,93,347,U,28,079,07901,0790101,00132,Calle,de,Alcalá,N,527,,,28037,20,119,201,T0796414,0790101445,,2,A,2,079-20-550,550,,559-2,2,3,19990405,19930701,,446948,4477085,N,,,,
40.4335849416495,-3.64736224209832,,Point,282,4_79,20150709,4,79,QUINTANA,0506,I,79,0506,,93,310,U,28,079,07901,0790101,06453,Calle,de la,Virgen del Sagrario,N,2,,,28027,15,108,153,T0797112,0790101412,,1,A,2,079-15-413,413,,559-2,2,3,19990405,19930701,,445202,4476291,N,,,,
40.4318932920946,-3.65757254725966,,Point,283,4_80,20150709,4,80,EL CARMEN,0507,I,80,0507,,93,203,U,28,079,07901,0790101,45119,Calle,de,Raquel Méller,N,2,,,28027,15,115,154,T0797265,0790101410,,1,A,2,079-15-410,410,,559-2,2,3,19990405,19930701,,444334,4476110,N,,,,
40.4327806080438,-3.6825799144836,,Point,284,4_83,20150709,4,83,NUÑEZ DE BALBOA,0510,I,83,0510,,93,283,U,28,079,07901,0790101,03219,Calle,de,Juan Bravo,N,20,,,28006,04,115,046,T0797259,,,1,A,1,079-04-066,66,,559-2,2,3,19990405,19930701,,442214,4476225,N,,,,
40.4331579372096,-3.68954159857549,,Point,285,4_84,20150709,4,84,RUBEN DARIO,0511,I,84,0511,,93,323,U,28,079,07901,0790101,01875,Paseo,de,Eduardo Dato,N,33,,,28010,07,082,074,T0797099,0790101294,,6,A,1,079-07-135,135,,559-1,2,3,19990405,19930701,,441624,4476271,N,,,,
40.4290560241036,-3.70218206577842,,Point,286,4_9,20150709,4,9,BILBAO,0109,I,9,0109,,93,160,U,28,079,07901,0790101,05315,Calle,de,Sagasta,N,2,,,28004,07,051,073,T0797766,0790101297,,5,A,1,079-07-138,138,,559-1,2,3,19990405,19930701,,440548,4475824,N,,,,
40.3973562903245,-3.71596007651405,,Point,287,4_94,20150709,4,94,MARQUES DE VADILLO,0521,I,94,0521,,93,269,U,28,079,07901,0790101,03887,Gta,del,Marqués de Vadillo,N,4,,,28019,11,181,112,T07911399,0790101598,,4,A,2,079-11-276,276,,559-3,2,3,19990405,19930701,,439351,4472315,N,,,,
40.3933517684562,-3.72360482429366,,Point,288,4_95,20150709,4,95,URGEL,0522,I,95,0522,,93,358,U,28,079,07901,0790101,11051,Calle,del,Camino Viejo de Leganés,N,1,,,28019,11,041,112,T07911970,0790101593,,4,A,2,079-11-284,284,,559-3,2,3,19990405,19930701,,438698,4471876,N,,,,
40.3888470257572,-3.73982455000658,,Point,289,4_97,20150709,4,97,VISTA ALEGRE,0524,I,97,0524,,93,373,U,28,079,07901,0790101,04383,Calle,de la,Oca,N,74,,,28025,11,107,114,T07912575,0790101634,,4,A,2,079-11-289,289,,559-3,2,3,19990405,19930701,,437318,4471387,N,,,,
